modelo,repeticion,AUC_PR,AUC_ROC
Random Forest,0,0.7442798047121355,0.7860224331320104
Random Forest,1,0.7433208415122903,0.7890422778257118
Random Forest,2,0.750418453194009,0.8123382226056945
Random Forest,3,0.7639563066657304,0.825711820534944
Random Forest,4,0.7030588258887851,0.7860224331320103
Random Forest,5,0.7885773868663781,0.8352027610008628
Random Forest,6,0.7551575963440753,0.7942191544434857
Random Forest,7,0.7637979479517591,0.809318377911993
Random Forest,8,0.703240863124982,0.7808455565142364
Random Forest,9,0.7349216641505907,0.7976704055220017
