norma,articulo,sentido,codigo_plan_2011,codigo_plan_2018,observacion
RA-036-2017,Art. 1,continua_en_2011,602101,603101,
RA-036-2017,Art. 1,continua_en_2011,602102,603102,603102 figura además en el parágrafo 2 (cambio a 2018 debe cursarla)
RA-036-2017,Art. 1,continua_en_2011,602103,603103,
RA-036-2017,Art. 1,continua_en_2011,602104,603204,Cambia de semestre (1 -> 2)
RA-036-2017,Art. 1,continua_en_2011,602201,603201,
RA-036-2017,Art. 1,continua_en_2011,602203,603203,Matemáticas II -> Cálculo integral
RA-036-2017,Art. 1,continua_en_2011,602204,603205,Física I -> Física mecánica
RA-036-2017,Art. 1,continua_en_2011,602301,603301,Créditos 3 -> 4; 603301 figura en el parágrafo 2
RA-036-2017,Art. 1,continua_en_2011,602302,603303,
RA-036-2017,Art. 1,continua_en_2011,602304,603304,
RA-036-2017,Art. 1,continua_en_2011,602305,603202,Cambia de semestre (3 -> 2)
RA-036-2017,Art. 1,continua_en_2011,602402,603401,
RA-036-2017,Art. 1,continua_en_2011,602404,603503,Créditos 4 -> 3; la resolución indica semestre IV y el acuerdo 001 semestre 5
RA-036-2017,Art. 1,continua_en_2011,602405,603405,
RA-036-2017,Art. 1,continua_en_2011,602501,603402,
RA-036-2017,Art. 1,continua_en_2011,602502,603603,
RA-036-2017,Art. 1,continua_en_2011,602503,603501,
RA-036-2017,Art. 1,continua_en_2011,602505,603602,
RA-036-2017,Art. 1,continua_en_2011,602601,603601,
RA-036-2017,Art. 1,continua_en_2011,602604,603704,
RA-036-2017,Art. 1,continua_en_2011,602606,603802,
RA-036-2017,Art. 1,continua_en_2011,602701,603701,
RA-036-2017,Art. 1,continua_en_2011,602702,603605,
RA-036-2017,Art. 1,continua_en_2011,602704,603604,
RA-036-2017,Art. 1,continua_en_2011,602705,603902,
RA-036-2017,Art. 1,continua_en_2011,602706,603606,Economía -> Administración financiera; 603606 figura en el parágrafo 2
RA-036-2017,Art. 1,continua_en_2011,602804,603504,
RA-036-2017,Art. 1,continua_en_2011,602805,603706,
RA-036-2017,Art. 1,continua_en_2011,602902,603804,
RA-036-2017,Art. 1,continua_en_2011,602904,603803,
RA-036-2017,Art. 1,continua_en_2011,602905,603004,
RA-036-2017,Art. 1,continua_en_2011,602003,603004,Dos electivas complementarias 2011 -> una sola en 2018
RA-036-2017,Art. 2,cambia_a_2018,602101,603101,
RA-036-2017,Art. 2,cambia_a_2018,602103,603103,
RA-036-2017,Art. 2,cambia_a_2018,602201,603201,
RA-036-2017,Art. 2,cambia_a_2018,602305,603202,
RA-036-2017,Art. 2,cambia_a_2018,602203,603203,
RA-036-2017,Art. 2,cambia_a_2018,602104,603204,
RA-036-2017,Art. 2,cambia_a_2018,602204,603205,
RA-036-2017,Art. 2,cambia_a_2018,602403,603302,Arquitectura de computadores -> Máquinas digitales
RA-036-2017,Art. 2,cambia_a_2018,602302,603303,
RA-036-2017,Art. 2,cambia_a_2018,602304,603304,
RA-036-2017,Art. 2,cambia_a_2018,602402,603401,
RA-036-2017,Art. 2,cambia_a_2018,602501,603402,
RA-036-2017,Art. 2,cambia_a_2018,602303,603403,Relación 2:1 — se exigen 602303 y 602603 para reconocer 603403
RA-036-2017,Art. 2,cambia_a_2018,602603,603403,Relación 2:1 — se exigen 602303 y 602603 para reconocer 603403
RA-036-2017,Art. 2,cambia_a_2018,602405,603405,
RA-036-2017,Art. 2,cambia_a_2018,602503,603501,
RA-036-2017,Art. 2,cambia_a_2018,602404,603503,
RA-036-2017,Art. 2,cambia_a_2018,602804,603504,
RA-036-2017,Art. 2,cambia_a_2018,602602,603505,
RA-036-2017,Art. 2,cambia_a_2018,602601,603601,
RA-036-2017,Art. 2,cambia_a_2018,602505,603602,
RA-036-2017,Art. 2,cambia_a_2018,602502,603603,
RA-036-2017,Art. 2,cambia_a_2018,602704,603604,
RA-036-2017,Art. 2,cambia_a_2018,602702,603605,
RA-036-2017,Art. 2,cambia_a_2018,602701,603701,
RA-036-2017,Art. 2,cambia_a_2018,602604,603704,
RA-036-2017,Art. 2,cambia_a_2018,602805,603706,
RA-036-2017,Art. 2,cambia_a_2018,602606,603802,
RA-036-2017,Art. 2,cambia_a_2018,602904,603803,
RA-036-2017,Art. 2,cambia_a_2018,602902,603804,
RA-036-2017,Art. 2,cambia_a_2018,602705,603902,
RA-036-2017,Art. 2,cambia_a_2018,602803,603903,
RA-036-2017,Art. 2,cambia_a_2018,602903,603905,
RA-036-2017,Art. 2,cambia_a_2018,602002,603002,
RA-036-2017,Art. 2,cambia_a_2018,602905,603004,
RA-036-2017,Parágrafo (cursos institucionales),institucional_inferida,602105,603104,Homologación directa de cursos institucionales; emparejamiento por nombre (inferido)
RA-036-2017,Parágrafo (cursos institucionales),institucional_inferida,602106,603105,Homologación directa de cursos institucionales; emparejamiento por nombre (inferido)
RA-036-2017,Parágrafo (cursos institucionales),institucional_inferida,602205,603806,Homologación directa de cursos institucionales; emparejamiento por nombre (inferido)
RA-036-2017,Parágrafo (cursos institucionales),institucional_inferida,602406,603506,Homologación directa de cursos institucionales; emparejamiento por nombre (inferido)
RA-036-2017,Parágrafo (cursos institucionales),institucional_inferida,602605,603305,Homologación directa de cursos institucionales; emparejamiento por nombre (inferido)
