norma,articulo,codigo_plan_2018,nota
RA-036-2017,Art. 2 parágrafo 2,603102,Quien cambia del plan 2011 debe cursarla
RA-036-2017,Art. 2 parágrafo 2,603301,Quien cambia del plan 2011 debe cursarla
RA-036-2017,Art. 2 parágrafo 2,603404,Quien cambia del plan 2011 debe cursarla
RA-036-2017,Art. 2 parágrafo 2,603502,Quien cambia del plan 2011 debe cursarla
RA-036-2017,Art. 2 parágrafo 2,603606,Quien cambia del plan 2011 debe cursarla
RA-036-2017,Art. 2 parágrafo 2,603702,Quien cambia del plan 2011 debe cursarla
RA-036-2017,Art. 2 parágrafo 2,603703,Quien cambia del plan 2011 debe cursarla
RA-036-2017,Art. 2 parágrafo 2,603705,Quien cambia del plan 2011 debe cursarla
RA-036-2017,Art. 2 parágrafo 2,603801,Quien cambia del plan 2011 debe cursarla
RA-036-2017,Art. 2 parágrafo 2,603805,Quien cambia del plan 2011 debe cursarla
RA-036-2017,Art. 2 parágrafo 2,603901,Quien cambia del plan 2011 debe cursarla
RA-036-2017,Art. 2 parágrafo 2,603904,Quien cambia del plan 2011 debe cursarla
RA-036-2017,Art. 2 parágrafo 2,603001,Quien cambia del plan 2011 debe cursarla
RA-036-2017,Art. 2 parágrafo 2,603003,Quien cambia del plan 2011 debe cursarla
