CODIGO_INST,COHORTE,PMATN,PCRIN,PNATN,PINGN,PCIUN
SIM-A001,2018-2,63,51,68,65,58
SIM-A002,2018-2,54,59,65,57,67
SIM-A003,2018-2,71,72,65,61,71
SIM-A004,2018-2,57,55,55,56,57
SIM-A005,2018-2,66,57,63,64,57
SIM-A006,2018-2,62,71,61,71,58
SIM-A007,2018-2,71,67,80,69,64
SIM-A008,2018-2,66,74,66,67,55
SIM-A009,2018-2,66,61,66,78,70
SIM-A010,2018-2,69,61,61,59,62
SIM-A011,2018-2,58,67,63,61,61
SIM-A012,2018-2,63,66,61,57,49
SIM-A013,2018-2,66,64,65,62,54
SIM-A014,2018-2,65,65,70,68,71
SIM-A015,2018-2,65,65,67,64,59
SIM-A016,2018-2,64,60,67,67,57
SIM-A017,2018-2,65,64,64,65,51
SIM-A018,2018-2,71,58,70,61,58
SIM-A019,2018-2,60,61,65,57,63
SIM-A020,2018-2,68,70,58,60,69
SIM-A021,2018-2,65,54,60,74,56
SIM-A022,2018-2,63,59,65,55,52
SIM-A023,2018-2,64,65,69,65,67
SIM-A024,2018-2,62,62,63,64,50
SIM-A025,2018-2,60,61,61,69,56
SIM-A026,2018-2,73,64,72,66,70
SIM-A027,2018-2,61,55,64,70,69
SIM-A028,2018-2,70,75,63,73,65
SIM-A029,2018-2,59,64,61,53,56
SIM-A030,2018-2,70,72,66,65,57
SIM-A031,2018-2,66,61,61,70,61
SIM-A032,2018-2,72,66,68,77,53
SIM-A033,2018-2,70,69,64,55,72
SIM-A034,2018-2,60,59,62,64,76
SIM-A035,2018-2,64,64,62,66,65
SIM-A036,2018-2,68,67,56,75,64
SIM-A037,2018-2,55,59,57,49,47
SIM-A038,2018-2,63,60,68,60,62
SIM-A039,2018-2,59,61,60,64,58
SIM-A040,2018-2,66,69,62,64,59
SIM-A041,2018-2,61,69,70,75,67
SIM-A042,2018-2,70,64,66,73,66
SIM-A043,2018-2,59,75,68,67,73
SIM-A044,2018-2,70,66,60,64,60
SIM-A045,2018-2,61,54,62,61,65
SIM-A046,2018-2,53,65,66,54,56
SIM-A047,2018-2,67,57,65,47,72
SIM-A048,2018-2,69,70,71,74,57
