CODIGO_INST,COHORTE,PERIODO_INSCRIPCION,CODIGO_MATERIA,MATERIA,CREDITOS,DEFINITIVA,OBSERVACION
SIM-B001,2025-1,2025-1,603101,ALGORITMIA Y PROGRAMACIÓN,4,4.1,N
SIM-B001,2025-1,2025-1,603102,INTRODUCCIÓN A LA INGENIERÍA DE SISTEMAS,4,4.4,N
SIM-B001,2025-1,2025-1,603103,CÁLCULO DIFERENCIAL,4,3.8,N
SIM-B001,2025-1,2025-1,603104,PROCESOS COMUNICATIVOS,2,4.0,N
SIM-B001,2025-1,2025-1,603105,DESARROLLO DEL PENSAMIENTO LÓGICO MATEMÁTICO,2,5.0,N
SIM-B001,2025-1,2025-2,603201,PROGRAMACIÓN ORIENTADA A OBJETOS,4,4.2,N
SIM-B001,2025-1,2025-2,603202,SISTEMAS DIGITALES,3,4.1,N
SIM-B001,2025-1,2025-2,603203,CÁLCULO INTEGRAL,4,3.0,N
SIM-B001,2025-1,2025-2,603204,ÁLGEBRA LINEAL,3,4.7,N
SIM-B001,2025-1,2025-2,603205,FÍSICA MECÁNICA,4,3.3,N
SIM-B001,2025-1,2026-1,603301,ESTRUCTURAS DE DATOS,4,4.9,N
SIM-B001,2025-1,2026-1,603302,MÁQUINAS DIGITALES,3,4.0,N
SIM-B001,2025-1,2026-1,603303,CÁLCULO MULTIVARIADO,4,4.4,N
SIM-B001,2025-1,2026-1,603304,ELECTRICIDAD Y MAGNETISMO,4,3.8,N
SIM-B001,2025-1,2026-1,603305,DEMOCRACIA Y PAZ,2,3.7,N
SIM-B002,2025-1,2025-1,603101,ALGORITMIA Y PROGRAMACIÓN,4,2.8,N
SIM-B002,2025-1,2025-1,603102,INTRODUCCIÓN A LA INGENIERÍA DE SISTEMAS,4,3.6,N
SIM-B002,2025-1,2025-1,603103,CÁLCULO DIFERENCIAL,4,3.6,N
SIM-B002,2025-1,2025-1,603104,PROCESOS COMUNICATIVOS,2,2.8,N
SIM-B002,2025-1,2025-1,603105,DESARROLLO DEL PENSAMIENTO LÓGICO MATEMÁTICO,2,2.9,N
SIM-B002,2025-1,2025-2,603101,ALGORITMIA Y PROGRAMACIÓN,4,1.9,N
SIM-B002,2025-1,2025-2,603104,PROCESOS COMUNICATIVOS,2,3.6,N
SIM-B002,2025-1,2025-2,603105,DESARROLLO DEL PENSAMIENTO LÓGICO MATEMÁTICO,2,2.1,N
SIM-B002,2025-1,2025-2,603201,PROGRAMACIÓN ORIENTADA A OBJETOS,4,4.3,N
SIM-B002,2025-1,2025-2,603202,SISTEMAS DIGITALES,3,3.4,N
SIM-B002,2025-1,2025-2,603204,ÁLGEBRA LINEAL,3,2.7,N
SIM-B002,2025-1,2026-1,603101,ALGORITMIA Y PROGRAMACIÓN,4,3.8,N
SIM-B002,2025-1,2026-1,603105,DESARROLLO DEL PENSAMIENTO LÓGICO MATEMÁTICO,2,3.3,N
SIM-B002,2025-1,2026-1,603204,ÁLGEBRA LINEAL,3,4.2,N
SIM-B002,2025-1,2026-1,603203,CÁLCULO INTEGRAL,4,3.9,N
SIM-B002,2025-1,2026-1,603205,FÍSICA MECÁNICA,4,1.7,N
SIM-B003,2025-1,2025-1,603101,ALGORITMIA Y PROGRAMACIÓN,4,3.8,N
SIM-B003,2025-1,2025-1,603102,INTRODUCCIÓN A LA INGENIERÍA DE SISTEMAS,4,5.0,N
SIM-B003,2025-1,2025-1,603103,CÁLCULO DIFERENCIAL,4,3.1,N
SIM-B003,2025-1,2025-1,603104,PROCESOS COMUNICATIVOS,2,2.5,N
SIM-B003,2025-1,2025-1,603105,DESARROLLO DEL PENSAMIENTO LÓGICO MATEMÁTICO,2,3.8,N
SIM-B003,2025-1,2025-2,603104,PROCESOS COMUNICATIVOS,2,3.3,N
SIM-B003,2025-1,2025-2,603201,PROGRAMACIÓN ORIENTADA A OBJETOS,4,3.1,N
SIM-B003,2025-1,2025-2,603202,SISTEMAS DIGITALES,3,2.9,N
SIM-B003,2025-1,2025-2,603203,CÁLCULO INTEGRAL,4,2.6,N
SIM-B003,2025-1,2025-2,603204,ÁLGEBRA LINEAL,3,3.4,N
SIM-B003,2025-1,2026-1,603202,SISTEMAS DIGITALES,3,3.9,N
SIM-B003,2025-1,2026-1,603203,CÁLCULO INTEGRAL,4,3.1,N
SIM-B003,2025-1,2026-1,603205,FÍSICA MECÁNICA,4,4.0,N
SIM-B003,2025-1,2026-1,603301,ESTRUCTURAS DE DATOS,4,3.4,N
SIM-B003,2025-1,2026-1,603302,MÁQUINAS DIGITALES,3,3.7,N
SIM-B004,2025-1,2025-1,603101,ALGORITMIA Y PROGRAMACIÓN,4,4.4,N
SIM-B004,2025-1,2025-1,603102,INTRODUCCIÓN A LA INGENIERÍA DE SISTEMAS,4,3.8,N
SIM-B004,2025-1,2025-1,603103,CÁLCULO DIFERENCIAL,4,5.0,N
SIM-B004,2025-1,2025-1,603104,PROCESOS COMUNICATIVOS,2,5.0,N
SIM-B004,2025-1,2025-1,603105,DESARROLLO DEL PENSAMIENTO LÓGICO MATEMÁTICO,2,4.1,N
SIM-B004,2025-1,2025-2,603201,PROGRAMACIÓN ORIENTADA A OBJETOS,4,3.4,N
SIM-B004,2025-1,2025-2,603202,SISTEMAS DIGITALES,3,4.7,N
SIM-B004,2025-1,2025-2,603203,CÁLCULO INTEGRAL,4,4.6,N
SIM-B004,2025-1,2025-2,603204,ÁLGEBRA LINEAL,3,2.5,N
SIM-B004,2025-1,2025-2,603205,FÍSICA MECÁNICA,4,3.4,N
SIM-B004,2025-1,2026-1,603204,ÁLGEBRA LINEAL,3,4.0,N
SIM-B004,2025-1,2026-1,603301,ESTRUCTURAS DE DATOS,4,4.4,N
SIM-B004,2025-1,2026-1,603302,MÁQUINAS DIGITALES,3,3.9,N
SIM-B004,2025-1,2026-1,603303,CÁLCULO MULTIVARIADO,4,4.2,N
SIM-B004,2025-1,2026-1,603304,ELECTRICIDAD Y MAGNETISMO,4,5.0,N
SIM-B005,2025-1,2025-1,603101,ALGORITMIA Y PROGRAMACIÓN,4,4.8,N
SIM-B005,2025-1,2025-1,603102,INTRODUCCIÓN A LA INGENIERÍA DE SISTEMAS,4,2.5,N
SIM-B005,2025-1,2025-1,603103,CÁLCULO DIFERENCIAL,4,3.9,N
SIM-B005,2025-1,2025-1,603104,PROCESOS COMUNICATIVOS,2,4.8,N
SIM-B005,2025-1,2025-1,603105,DESARROLLO DEL PENSAMIENTO LÓGICO MATEMÁTICO,2,2.6,N
SIM-B005,2025-1,2025-2,603102,INTRODUCCIÓN A LA INGENIERÍA DE SISTEMAS,4,3.4,N
SIM-B005,2025-1,2025-2,603105,DESARROLLO DEL PENSAMIENTO LÓGICO MATEMÁTICO,2,3.0,N
SIM-B005,2025-1,2025-2,603201,PROGRAMACIÓN ORIENTADA A OBJETOS,4,2.9,N
SIM-B005,2025-1,2025-2,603202,SISTEMAS DIGITALES,3,2.0,N
SIM-B005,2025-1,2025-2,603203,CÁLCULO INTEGRAL,4,2.7,N
SIM-B005,2025-1,2026-1,603201,PROGRAMACIÓN ORIENTADA A OBJETOS,4,2.9,N
SIM-B005,2025-1,2026-1,603202,SISTEMAS DIGITALES,3,3.4,N
SIM-B005,2025-1,2026-1,603203,CÁLCULO INTEGRAL,4,2.8,N
SIM-B005,2025-1,2026-1,603204,ÁLGEBRA LINEAL,3,1.9,N
SIM-B005,2025-1,2026-1,603205,FÍSICA MECÁNICA,4,3.7,N
SIM-B006,2025-1,2025-1,603101,ALGORITMIA Y PROGRAMACIÓN,4,3.2,N
SIM-B006,2025-1,2025-1,603102,INTRODUCCIÓN A LA INGENIERÍA DE SISTEMAS,4,3.2,N
SIM-B006,2025-1,2025-1,603103,CÁLCULO DIFERENCIAL,4,3.0,N
SIM-B006,2025-1,2025-1,603104,PROCESOS COMUNICATIVOS,2,4.5,N
SIM-B006,2025-1,2025-1,603105,DESARROLLO DEL PENSAMIENTO LÓGICO MATEMÁTICO,2,4.6,N
SIM-B006,2025-1,2025-2,603201,PROGRAMACIÓN ORIENTADA A OBJETOS,4,3.6,N
SIM-B006,2025-1,2025-2,603202,SISTEMAS DIGITALES,3,4.9,N
SIM-B006,2025-1,2025-2,603203,CÁLCULO INTEGRAL,4,3.1,N
SIM-B006,2025-1,2025-2,603204,ÁLGEBRA LINEAL,3,2.8,N
SIM-B006,2025-1,2025-2,603205,FÍSICA MECÁNICA,4,3.9,N
SIM-B006,2025-1,2026-1,603204,ÁLGEBRA LINEAL,3,3.1,N
SIM-B006,2025-1,2026-1,603301,ESTRUCTURAS DE DATOS,4,4.2,N
SIM-B006,2025-1,2026-1,603302,MÁQUINAS DIGITALES,3,3.2,N
SIM-B006,2025-1,2026-1,603303,CÁLCULO MULTIVARIADO,4,3.0,N
SIM-B006,2025-1,2026-1,603304,ELECTRICIDAD Y MAGNETISMO,4,2.5,N
SIM-B007,2025-1,2025-1,603101,ALGORITMIA Y PROGRAMACIÓN,4,3.5,N
SIM-B007,2025-1,2025-1,603102,INTRODUCCIÓN A LA INGENIERÍA DE SISTEMAS,4,1.5,N
SIM-B007,2025-1,2025-1,603103,CÁLCULO DIFERENCIAL,4,3.5,N
SIM-B007,2025-1,2025-1,603104,PROCESOS COMUNICATIVOS,2,4.0,N
SIM-B007,2025-1,2025-1,603105,DESARROLLO DEL PENSAMIENTO LÓGICO MATEMÁTICO,2,3.1,N
SIM-B007,2025-1,2025-2,603102,INTRODUCCIÓN A LA INGENIERÍA DE SISTEMAS,4,4.0,N
SIM-B007,2025-1,2025-2,603201,PROGRAMACIÓN ORIENTADA A OBJETOS,4,2.6,N
SIM-B007,2025-1,2025-2,603202,SISTEMAS DIGITALES,3,3.7,N
SIM-B007,2025-1,2025-2,603203,CÁLCULO INTEGRAL,4,2.7,N
SIM-B007,2025-1,2025-2,603204,ÁLGEBRA LINEAL,3,3.9,N
SIM-B007,2025-1,2026-1,603201,PROGRAMACIÓN ORIENTADA A OBJETOS,4,3.4,N
SIM-B007,2025-1,2026-1,603203,CÁLCULO INTEGRAL,4,3.0,N
SIM-B007,2025-1,2026-1,603205,FÍSICA MECÁNICA,4,3.2,N
SIM-B007,2025-1,2026-1,603301,ESTRUCTURAS DE DATOS,4,3.7,N
SIM-B007,2025-1,2026-1,603305,DEMOCRACIA Y PAZ,2,2.3,N
SIM-B008,2025-1,2025-1,603101,ALGORITMIA Y PROGRAMACIÓN,4,3.9,N
SIM-B008,2025-1,2025-1,603102,INTRODUCCIÓN A LA INGENIERÍA DE SISTEMAS,4,4.0,N
SIM-B008,2025-1,2025-1,603103,CÁLCULO DIFERENCIAL,4,3.6,N
SIM-B008,2025-1,2025-1,603104,PROCESOS COMUNICATIVOS,2,3.5,N
SIM-B008,2025-1,2025-1,603105,DESARROLLO DEL PENSAMIENTO LÓGICO MATEMÁTICO,2,2.8,N
SIM-B008,2025-1,2025-2,603105,DESARROLLO DEL PENSAMIENTO LÓGICO MATEMÁTICO,2,4.4,N
SIM-B008,2025-1,2025-2,603201,PROGRAMACIÓN ORIENTADA A OBJETOS,4,4.4,N
SIM-B008,2025-1,2025-2,603202,SISTEMAS DIGITALES,3,4.0,N
SIM-B008,2025-1,2025-2,603203,CÁLCULO INTEGRAL,4,3.4,N
SIM-B008,2025-1,2025-2,603204,ÁLGEBRA LINEAL,3,3.8,N
SIM-B008,2025-1,2026-1,603205,FÍSICA MECÁNICA,4,3.3,N
SIM-B008,2025-1,2026-1,603301,ESTRUCTURAS DE DATOS,4,3.2,N
SIM-B008,2025-1,2026-1,603302,MÁQUINAS DIGITALES,3,4.4,N
SIM-B008,2025-1,2026-1,603303,CÁLCULO MULTIVARIADO,4,3.9,N
SIM-B008,2025-1,2026-1,603305,DEMOCRACIA Y PAZ,2,4.3,N
SIM-B009,2025-1,2025-1,603101,ALGORITMIA Y PROGRAMACIÓN,4,1.9,N
SIM-B009,2025-1,2025-1,603102,INTRODUCCIÓN A LA INGENIERÍA DE SISTEMAS,4,2.3,N
SIM-B009,2025-1,2025-1,603103,CÁLCULO DIFERENCIAL,4,2.9,N
SIM-B009,2025-1,2025-1,603104,PROCESOS COMUNICATIVOS,2,2.8,N
SIM-B009,2025-1,2025-1,603105,DESARROLLO DEL PENSAMIENTO LÓGICO MATEMÁTICO,2,3.3,N
SIM-B009,2025-1,2025-2,603101,ALGORITMIA Y PROGRAMACIÓN,4,1.8,N
SIM-B009,2025-1,2025-2,603102,INTRODUCCIÓN A LA INGENIERÍA DE SISTEMAS,4,4.0,N
SIM-B009,2025-1,2025-2,603103,CÁLCULO DIFERENCIAL,4,3.4,N
SIM-B009,2025-1,2025-2,603104,PROCESOS COMUNICATIVOS,2,2.7,N
SIM-B009,2025-1,2025-2,603201,PROGRAMACIÓN ORIENTADA A OBJETOS,4,2.9,N
SIM-B009,2025-1,2026-1,603101,ALGORITMIA Y PROGRAMACIÓN,4,2.5,N
SIM-B009,2025-1,2026-1,603104,PROCESOS COMUNICATIVOS,2,2.6,N
SIM-B009,2025-1,2026-1,603201,PROGRAMACIÓN ORIENTADA A OBJETOS,4,2.9,N
SIM-B009,2025-1,2026-1,603202,SISTEMAS DIGITALES,3,2.7,N
SIM-B009,2025-1,2026-1,603203,CÁLCULO INTEGRAL,4,1.7,N
SIM-B010,2025-1,2025-1,603101,ALGORITMIA Y PROGRAMACIÓN,4,3.6,N
SIM-B010,2025-1,2025-1,603102,INTRODUCCIÓN A LA INGENIERÍA DE SISTEMAS,4,3.1,N
SIM-B010,2025-1,2025-1,603103,CÁLCULO DIFERENCIAL,4,4.8,N
SIM-B010,2025-1,2025-1,603104,PROCESOS COMUNICATIVOS,2,5.0,N
SIM-B010,2025-1,2025-1,603105,DESARROLLO DEL PENSAMIENTO LÓGICO MATEMÁTICO,2,3.6,N
SIM-B010,2025-1,2025-2,603201,PROGRAMACIÓN ORIENTADA A OBJETOS,4,3.1,N
SIM-B010,2025-1,2025-2,603202,SISTEMAS DIGITALES,3,3.4,N
SIM-B010,2025-1,2025-2,603203,CÁLCULO INTEGRAL,4,2.4,N
SIM-B010,2025-1,2025-2,603204,ÁLGEBRA LINEAL,3,2.2,N
SIM-B010,2025-1,2025-2,603205,FÍSICA MECÁNICA,4,2.7,N
SIM-B010,2025-1,2026-1,603203,CÁLCULO INTEGRAL,4,3.7,N
SIM-B010,2025-1,2026-1,603204,ÁLGEBRA LINEAL,3,1.9,N
SIM-B010,2025-1,2026-1,603205,FÍSICA MECÁNICA,4,3.7,N
SIM-B010,2025-1,2026-1,603301,ESTRUCTURAS DE DATOS,4,5.0,N
SIM-B010,2025-1,2026-1,603302,MÁQUINAS DIGITALES,3,2.9,N
SIM-B011,2025-1,2025-1,603101,ALGORITMIA Y PROGRAMACIÓN,4,1.5,N
SIM-B011,2025-1,2025-1,603102,INTRODUCCIÓN A LA INGENIERÍA DE SISTEMAS,4,2.4,N
SIM-B011,2025-1,2025-1,603103,CÁLCULO DIFERENCIAL,4,1.9,N
SIM-B011,2025-1,2025-1,603104,PROCESOS COMUNICATIVOS,2,2.0,N
SIM-B011,2025-1,2025-1,603105,DESARROLLO DEL PENSAMIENTO LÓGICO MATEMÁTICO,2,2.2,N
SIM-B011,2025-1,2025-2,603101,ALGORITMIA Y PROGRAMACIÓN,4,2.3,N
SIM-B011,2025-1,2025-2,603102,INTRODUCCIÓN A LA INGENIERÍA DE SISTEMAS,4,2.1,N
SIM-B011,2025-1,2025-2,603103,CÁLCULO DIFERENCIAL,4,2.4,N
SIM-B011,2025-1,2025-2,603104,PROCESOS COMUNICATIVOS,2,2.2,N
SIM-B011,2025-1,2025-2,603105,DESARROLLO DEL PENSAMIENTO LÓGICO MATEMÁTICO,2,2.3,N
SIM-B012,2025-1,2025-1,603101,ALGORITMIA Y PROGRAMACIÓN,4,1.2,N
SIM-B012,2025-1,2025-1,603102,INTRODUCCIÓN A LA INGENIERÍA DE SISTEMAS,4,2.2,N
SIM-B012,2025-1,2025-1,603103,CÁLCULO DIFERENCIAL,4,1.9,N
SIM-B012,2025-1,2025-1,603104,PROCESOS COMUNICATIVOS,2,2.0,N
SIM-B012,2025-1,2025-1,603105,DESARROLLO DEL PENSAMIENTO LÓGICO MATEMÁTICO,2,2.4,N
SIM-B013,2025-1,2025-1,603101,ALGORITMIA Y PROGRAMACIÓN,4,2.5,N
SIM-B013,2025-1,2025-1,603102,INTRODUCCIÓN A LA INGENIERÍA DE SISTEMAS,4,3.3,N
SIM-B013,2025-1,2025-1,603103,CÁLCULO DIFERENCIAL,4,2.9,N
SIM-B013,2025-1,2025-1,603104,PROCESOS COMUNICATIVOS,2,1.8,N
SIM-B013,2025-1,2025-1,603105,DESARROLLO DEL PENSAMIENTO LÓGICO MATEMÁTICO,2,3.8,N
SIM-B013,2025-1,2025-2,603101,ALGORITMIA Y PROGRAMACIÓN,4,2.7,N
SIM-B013,2025-1,2025-2,603103,CÁLCULO DIFERENCIAL,4,2.4,N
SIM-B013,2025-1,2025-2,603104,PROCESOS COMUNICATIVOS,2,3.5,N
SIM-B013,2025-1,2025-2,603201,PROGRAMACIÓN ORIENTADA A OBJETOS,4,3.2,N
SIM-B013,2025-1,2025-2,603202,SISTEMAS DIGITALES,3,2.5,N
SIM-B013,2025-1,2026-1,603101,ALGORITMIA Y PROGRAMACIÓN,4,3.0,N
SIM-B013,2025-1,2026-1,603103,CÁLCULO DIFERENCIAL,4,3.6,N
SIM-B013,2025-1,2026-1,603202,SISTEMAS DIGITALES,3,3.6,N
SIM-B013,2025-1,2026-1,603203,CÁLCULO INTEGRAL,4,3.4,N
SIM-B013,2025-1,2026-1,603204,ÁLGEBRA LINEAL,3,3.7,N
SIM-B014,2025-1,2025-1,603101,ALGORITMIA Y PROGRAMACIÓN,4,3.7,N
SIM-B014,2025-1,2025-1,603102,INTRODUCCIÓN A LA INGENIERÍA DE SISTEMAS,4,4.9,N
SIM-B014,2025-1,2025-1,603103,CÁLCULO DIFERENCIAL,4,4.3,N
SIM-B014,2025-1,2025-1,603104,PROCESOS COMUNICATIVOS,2,4.9,N
SIM-B014,2025-1,2025-1,603105,DESARROLLO DEL PENSAMIENTO LÓGICO MATEMÁTICO,2,4.1,N
SIM-B014,2025-1,2025-2,603201,PROGRAMACIÓN ORIENTADA A OBJETOS,4,4.0,N
SIM-B014,2025-1,2025-2,603202,SISTEMAS DIGITALES,3,5.0,N
SIM-B014,2025-1,2025-2,603203,CÁLCULO INTEGRAL,4,3.2,N
SIM-B014,2025-1,2025-2,603204,ÁLGEBRA LINEAL,3,3.3,N
SIM-B014,2025-1,2025-2,603205,FÍSICA MECÁNICA,4,3.1,N
SIM-B014,2025-1,2026-1,603301,ESTRUCTURAS DE DATOS,4,4.4,N
SIM-B014,2025-1,2026-1,603302,MÁQUINAS DIGITALES,3,4.1,N
SIM-B014,2025-1,2026-1,603303,CÁLCULO MULTIVARIADO,4,3.8,N
SIM-B014,2025-1,2026-1,603304,ELECTRICIDAD Y MAGNETISMO,4,4.2,N
SIM-B014,2025-1,2026-1,603305,DEMOCRACIA Y PAZ,2,4.4,N
SIM-B015,2025-1,2025-1,603101,ALGORITMIA Y PROGRAMACIÓN,4,2.0,N
SIM-B015,2025-1,2025-1,603102,INTRODUCCIÓN A LA INGENIERÍA DE SISTEMAS,4,3.9,N
SIM-B015,2025-1,2025-1,603103,CÁLCULO DIFERENCIAL,4,4.1,N
SIM-B015,2025-1,2025-1,603104,PROCESOS COMUNICATIVOS,2,4.1,N
SIM-B015,2025-1,2025-1,603105,DESARROLLO DEL PENSAMIENTO LÓGICO MATEMÁTICO,2,3.1,N
SIM-B015,2025-1,2025-2,603101,ALGORITMIA Y PROGRAMACIÓN,4,2.6,N
SIM-B015,2025-1,2025-2,603201,PROGRAMACIÓN ORIENTADA A OBJETOS,4,3.1,N
SIM-B015,2025-1,2025-2,603202,SISTEMAS DIGITALES,3,4.4,N
SIM-B015,2025-1,2025-2,603203,CÁLCULO INTEGRAL,4,2.9,N
SIM-B015,2025-1,2025-2,603204,ÁLGEBRA LINEAL,3,4.2,N
SIM-B015,2025-1,2026-1,603101,ALGORITMIA Y PROGRAMACIÓN,4,2.7,N
SIM-B015,2025-1,2026-1,603203,CÁLCULO INTEGRAL,4,3.4,N
SIM-B015,2025-1,2026-1,603205,FÍSICA MECÁNICA,4,4.1,N
SIM-B015,2025-1,2026-1,603301,ESTRUCTURAS DE DATOS,4,3.5,N
SIM-B015,2025-1,2026-1,603305,DEMOCRACIA Y PAZ,2,4.3,N
SIM-B016,2025-1,2025-1,603101,ALGORITMIA Y PROGRAMACIÓN,4,2.5,N
SIM-B016,2025-1,2025-1,603102,INTRODUCCIÓN A LA INGENIERÍA DE SISTEMAS,4,4.6,N
SIM-B016,2025-1,2025-1,603103,CÁLCULO DIFERENCIAL,4,3.1,N
SIM-B016,2025-1,2025-1,603104,PROCESOS COMUNICATIVOS,2,3.5,N
SIM-B016,2025-1,2025-1,603105,DESARROLLO DEL PENSAMIENTO LÓGICO MATEMÁTICO,2,4.2,N
SIM-B016,2025-1,2025-2,603101,ALGORITMIA Y PROGRAMACIÓN,4,4.3,N
SIM-B016,2025-1,2025-2,603201,PROGRAMACIÓN ORIENTADA A OBJETOS,4,3.9,N
SIM-B016,2025-1,2025-2,603202,SISTEMAS DIGITALES,3,4.5,N
SIM-B016,2025-1,2025-2,603203,CÁLCULO INTEGRAL,4,3.8,N
SIM-B016,2025-1,2025-2,603204,ÁLGEBRA LINEAL,3,3.9,N
SIM-B016,2025-1,2026-1,603205,FÍSICA MECÁNICA,4,4.9,N
SIM-B016,2025-1,2026-1,603301,ESTRUCTURAS DE DATOS,4,3.8,N
SIM-B016,2025-1,2026-1,603302,MÁQUINAS DIGITALES,3,4.3,N
SIM-B016,2025-1,2026-1,603303,CÁLCULO MULTIVARIADO,4,5.0,N
SIM-B016,2025-1,2026-1,603305,DEMOCRACIA Y PAZ,2,3.6,N
SIM-B017,2025-1,2025-1,603101,ALGORITMIA Y PROGRAMACIÓN,4,2.7,N
SIM-B017,2025-1,2025-1,603102,INTRODUCCIÓN A LA INGENIERÍA DE SISTEMAS,4,4.2,N
SIM-B017,2025-1,2025-1,603103,CÁLCULO DIFERENCIAL,4,3.9,N
SIM-B017,2025-1,2025-1,603104,PROCESOS COMUNICATIVOS,2,4.4,N
SIM-B017,2025-1,2025-1,603105,DESARROLLO DEL PENSAMIENTO LÓGICO MATEMÁTICO,2,3.9,N
SIM-B017,2025-1,2025-2,603101,ALGORITMIA Y PROGRAMACIÓN,4,5.0,N
SIM-B017,2025-1,2025-2,603201,PROGRAMACIÓN ORIENTADA A OBJETOS,4,3.3,N
SIM-B017,2025-1,2025-2,603202,SISTEMAS DIGITALES,3,4.9,N
SIM-B017,2025-1,2025-2,603203,CÁLCULO INTEGRAL,4,4.2,N
SIM-B017,2025-1,2025-2,603204,ÁLGEBRA LINEAL,3,3.5,N
SIM-B017,2025-1,2026-1,603205,FÍSICA MECÁNICA,4,3.8,N
SIM-B017,2025-1,2026-1,603301,ESTRUCTURAS DE DATOS,4,3.9,N
SIM-B017,2025-1,2026-1,603302,MÁQUINAS DIGITALES,3,2.8,N
SIM-B017,2025-1,2026-1,603303,CÁLCULO MULTIVARIADO,4,5.0,N
SIM-B017,2025-1,2026-1,603305,DEMOCRACIA Y PAZ,2,3.9,N
SIM-B018,2025-1,2025-1,603101,ALGORITMIA Y PROGRAMACIÓN,4,3.2,N
SIM-B018,2025-1,2025-1,603102,INTRODUCCIÓN A LA INGENIERÍA DE SISTEMAS,4,2.6,N
SIM-B018,2025-1,2025-1,603103,CÁLCULO DIFERENCIAL,4,1.9,N
SIM-B018,2025-1,2025-1,603104,PROCESOS COMUNICATIVOS,2,3.3,N
SIM-B018,2025-1,2025-1,603105,DESARROLLO DEL PENSAMIENTO LÓGICO MATEMÁTICO,2,2.2,N
SIM-B018,2025-1,2025-2,603102,INTRODUCCIÓN A LA INGENIERÍA DE SISTEMAS,4,3.6,N
SIM-B018,2025-1,2025-2,603103,CÁLCULO DIFERENCIAL,4,2.0,N
SIM-B018,2025-1,2025-2,603105,DESARROLLO DEL PENSAMIENTO LÓGICO MATEMÁTICO,2,1.2,N
SIM-B018,2025-1,2025-2,603201,PROGRAMACIÓN ORIENTADA A OBJETOS,4,3.0,N
SIM-B018,2025-1,2025-2,603202,SISTEMAS DIGITALES,3,2.2,N
SIM-B018,2025-1,2026-1,603103,CÁLCULO DIFERENCIAL,4,2.1,N
SIM-B018,2025-1,2026-1,603105,DESARROLLO DEL PENSAMIENTO LÓGICO MATEMÁTICO,2,3.3,N
SIM-B018,2025-1,2026-1,603202,SISTEMAS DIGITALES,3,3.6,N
SIM-B018,2025-1,2026-1,603203,CÁLCULO INTEGRAL,4,0.7,N
SIM-B018,2025-1,2026-1,603204,ÁLGEBRA LINEAL,3,2.7,N
SIM-B018,2025-1,2026-1,603305,DEMOCRACIA Y PAZ,2,4.2,N
SIM-B019,2025-1,2025-1,603101,ALGORITMIA Y PROGRAMACIÓN,4,4.1,N
SIM-B019,2025-1,2025-1,603102,INTRODUCCIÓN A LA INGENIERÍA DE SISTEMAS,4,3.5,N
SIM-B019,2025-1,2025-1,603103,CÁLCULO DIFERENCIAL,4,3.4,N
SIM-B019,2025-1,2025-1,603104,PROCESOS COMUNICATIVOS,2,3.3,N
SIM-B019,2025-1,2025-1,603105,DESARROLLO DEL PENSAMIENTO LÓGICO MATEMÁTICO,2,3.5,N
SIM-B019,2025-1,2025-2,603201,PROGRAMACIÓN ORIENTADA A OBJETOS,4,4.4,N
SIM-B019,2025-1,2025-2,603202,SISTEMAS DIGITALES,3,3.8,N
SIM-B019,2025-1,2025-2,603203,CÁLCULO INTEGRAL,4,3.0,N
SIM-B019,2025-1,2025-2,603204,ÁLGEBRA LINEAL,3,3.3,N
SIM-B019,2025-1,2025-2,603205,FÍSICA MECÁNICA,4,4.4,N
SIM-B019,2025-1,2026-1,603301,ESTRUCTURAS DE DATOS,4,4.1,N
SIM-B019,2025-1,2026-1,603302,MÁQUINAS DIGITALES,3,4.2,N
SIM-B019,2025-1,2026-1,603303,CÁLCULO MULTIVARIADO,4,2.7,N
SIM-B019,2025-1,2026-1,603304,ELECTRICIDAD Y MAGNETISMO,4,3.1,N
SIM-B019,2025-1,2026-1,603305,DEMOCRACIA Y PAZ,2,3.4,N
SIM-B020,2025-1,2025-1,603101,ALGORITMIA Y PROGRAMACIÓN,4,1.8,N
SIM-B020,2025-1,2025-1,603102,INTRODUCCIÓN A LA INGENIERÍA DE SISTEMAS,4,1.7,N
SIM-B020,2025-1,2025-1,603103,CÁLCULO DIFERENCIAL,4,1.2,N
SIM-B020,2025-1,2025-1,603104,PROCESOS COMUNICATIVOS,2,1.1,N
SIM-B020,2025-1,2025-1,603105,DESARROLLO DEL PENSAMIENTO LÓGICO MATEMÁTICO,2,1.7,N
SIM-B021,2025-1,2025-1,603101,ALGORITMIA Y PROGRAMACIÓN,4,1.5,N
SIM-B021,2025-1,2025-1,603102,INTRODUCCIÓN A LA INGENIERÍA DE SISTEMAS,4,2.9,N
SIM-B021,2025-1,2025-1,603103,CÁLCULO DIFERENCIAL,4,2.5,N
SIM-B021,2025-1,2025-1,603104,PROCESOS COMUNICATIVOS,2,2.3,N
SIM-B021,2025-1,2025-1,603105,DESARROLLO DEL PENSAMIENTO LÓGICO MATEMÁTICO,2,2.5,N
SIM-B022,2025-1,2025-1,603101,ALGORITMIA Y PROGRAMACIÓN,4,3.5,N
SIM-B022,2025-1,2025-1,603102,INTRODUCCIÓN A LA INGENIERÍA DE SISTEMAS,4,3.0,N
SIM-B022,2025-1,2025-1,603103,CÁLCULO DIFERENCIAL,4,3.2,N
SIM-B022,2025-1,2025-1,603104,PROCESOS COMUNICATIVOS,2,3.8,N
SIM-B022,2025-1,2025-1,603105,DESARROLLO DEL PENSAMIENTO LÓGICO MATEMÁTICO,2,3.2,N
SIM-B022,2025-1,2025-2,603201,PROGRAMACIÓN ORIENTADA A OBJETOS,4,3.1,N
SIM-B022,2025-1,2025-2,603202,SISTEMAS DIGITALES,3,4.2,N
SIM-B022,2025-1,2025-2,603203,CÁLCULO INTEGRAL,4,2.9,N
SIM-B022,2025-1,2025-2,603204,ÁLGEBRA LINEAL,3,3.5,N
SIM-B022,2025-1,2025-2,603205,FÍSICA MECÁNICA,4,3.6,N
SIM-B022,2025-1,2026-1,603203,CÁLCULO INTEGRAL,4,3.0,N
SIM-B022,2025-1,2026-1,603301,ESTRUCTURAS DE DATOS,4,4.2,N
SIM-B022,2025-1,2026-1,603302,MÁQUINAS DIGITALES,3,4.2,N
SIM-B022,2025-1,2026-1,603303,CÁLCULO MULTIVARIADO,4,3.7,N
SIM-B022,2025-1,2026-1,603305,DEMOCRACIA Y PAZ,2,5.0,N
SIM-B023,2025-1,2025-1,603101,ALGORITMIA Y PROGRAMACIÓN,4,3.4,N
SIM-B023,2025-1,2025-1,603102,INTRODUCCIÓN A LA INGENIERÍA DE SISTEMAS,4,3.6,N
SIM-B023,2025-1,2025-1,603103,CÁLCULO DIFERENCIAL,4,3.4,N
SIM-B023,2025-1,2025-1,603104,PROCESOS COMUNICATIVOS,2,1.8,N
SIM-B023,2025-1,2025-1,603105,DESARROLLO DEL PENSAMIENTO LÓGICO MATEMÁTICO,2,3.4,N
SIM-B023,2025-1,2025-2,603104,PROCESOS COMUNICATIVOS,2,3.9,N
SIM-B023,2025-1,2025-2,603201,PROGRAMACIÓN ORIENTADA A OBJETOS,4,3.5,N
SIM-B023,2025-1,2025-2,603202,SISTEMAS DIGITALES,3,3.6,N
SIM-B023,2025-1,2025-2,603203,CÁLCULO INTEGRAL,4,4.5,N
SIM-B023,2025-1,2025-2,603204,ÁLGEBRA LINEAL,3,3.5,N
SIM-B023,2025-1,2026-1,603205,FÍSICA MECÁNICA,4,2.8,N
SIM-B023,2025-1,2026-1,603301,ESTRUCTURAS DE DATOS,4,3.9,N
SIM-B023,2025-1,2026-1,603302,MÁQUINAS DIGITALES,3,4.0,N
SIM-B023,2025-1,2026-1,603303,CÁLCULO MULTIVARIADO,4,4.0,N
SIM-B023,2025-1,2026-1,603305,DEMOCRACIA Y PAZ,2,4.1,N
SIM-B024,2025-1,2025-1,603101,ALGORITMIA Y PROGRAMACIÓN,4,4.3,N
SIM-B024,2025-1,2025-1,603102,INTRODUCCIÓN A LA INGENIERÍA DE SISTEMAS,4,5.0,N
SIM-B024,2025-1,2025-1,603103,CÁLCULO DIFERENCIAL,4,3.0,N
SIM-B024,2025-1,2025-1,603104,PROCESOS COMUNICATIVOS,2,4.0,N
SIM-B024,2025-1,2025-1,603105,DESARROLLO DEL PENSAMIENTO LÓGICO MATEMÁTICO,2,4.8,N
SIM-B024,2025-1,2025-2,603201,PROGRAMACIÓN ORIENTADA A OBJETOS,4,4.8,N
SIM-B024,2025-1,2025-2,603202,SISTEMAS DIGITALES,3,4.1,N
SIM-B024,2025-1,2025-2,603203,CÁLCULO INTEGRAL,4,4.0,N
SIM-B024,2025-1,2025-2,603204,ÁLGEBRA LINEAL,3,3.0,N
SIM-B024,2025-1,2025-2,603205,FÍSICA MECÁNICA,4,3.6,N
SIM-B024,2025-1,2026-1,603301,ESTRUCTURAS DE DATOS,4,3.1,N
SIM-B024,2025-1,2026-1,603302,MÁQUINAS DIGITALES,3,3.9,N
SIM-B024,2025-1,2026-1,603303,CÁLCULO MULTIVARIADO,4,3.2,N
SIM-B024,2025-1,2026-1,603304,ELECTRICIDAD Y MAGNETISMO,4,3.3,N
SIM-B024,2025-1,2026-1,603305,DEMOCRACIA Y PAZ,2,3.2,N
SIM-B025,2025-1,2025-1,603101,ALGORITMIA Y PROGRAMACIÓN,4,2.9,N
SIM-B025,2025-1,2025-1,603102,INTRODUCCIÓN A LA INGENIERÍA DE SISTEMAS,4,2.8,N
SIM-B025,2025-1,2025-1,603103,CÁLCULO DIFERENCIAL,4,2.6,N
SIM-B025,2025-1,2025-1,603104,PROCESOS COMUNICATIVOS,2,2.9,N
SIM-B025,2025-1,2025-1,603105,DESARROLLO DEL PENSAMIENTO LÓGICO MATEMÁTICO,2,1.9,N
SIM-B025,2025-1,2025-2,603101,ALGORITMIA Y PROGRAMACIÓN,4,1.8,N
SIM-B025,2025-1,2025-2,603102,INTRODUCCIÓN A LA INGENIERÍA DE SISTEMAS,4,2.1,N
SIM-B025,2025-1,2025-2,603103,CÁLCULO DIFERENCIAL,4,2.4,N
SIM-B025,2025-1,2025-2,603104,PROCESOS COMUNICATIVOS,2,0.6,N
SIM-B025,2025-1,2025-2,603105,DESARROLLO DEL PENSAMIENTO LÓGICO MATEMÁTICO,2,3.0,N
SIM-B026,2025-1,2025-1,603101,ALGORITMIA Y PROGRAMACIÓN,4,2.7,N
SIM-B026,2025-1,2025-1,603102,INTRODUCCIÓN A LA INGENIERÍA DE SISTEMAS,4,2.8,N
SIM-B026,2025-1,2025-1,603103,CÁLCULO DIFERENCIAL,4,2.1,N
SIM-B026,2025-1,2025-1,603104,PROCESOS COMUNICATIVOS,2,2.8,N
SIM-B026,2025-1,2025-1,603105,DESARROLLO DEL PENSAMIENTO LÓGICO MATEMÁTICO,2,3.6,N
SIM-B026,2025-1,2025-2,603101,ALGORITMIA Y PROGRAMACIÓN,4,2.0,N
SIM-B026,2025-1,2025-2,603102,INTRODUCCIÓN A LA INGENIERÍA DE SISTEMAS,4,3.1,N
SIM-B026,2025-1,2025-2,603103,CÁLCULO DIFERENCIAL,4,1.8,N
SIM-B026,2025-1,2025-2,603104,PROCESOS COMUNICATIVOS,2,2.2,N
SIM-B026,2025-1,2025-2,603201,PROGRAMACIÓN ORIENTADA A OBJETOS,4,2.4,N
SIM-B026,2025-1,2026-1,603101,ALGORITMIA Y PROGRAMACIÓN,4,3.3,N
SIM-B026,2025-1,2026-1,603103,CÁLCULO DIFERENCIAL,4,1.9,N
SIM-B026,2025-1,2026-1,603104,PROCESOS COMUNICATIVOS,2,2.9,N
SIM-B026,2025-1,2026-1,603201,PROGRAMACIÓN ORIENTADA A OBJETOS,4,3.0,N
SIM-B026,2025-1,2026-1,603202,SISTEMAS DIGITALES,3,2.5,N
SIM-B027,2025-1,2025-1,603101,ALGORITMIA Y PROGRAMACIÓN,4,2.0,N
SIM-B027,2025-1,2025-1,603102,INTRODUCCIÓN A LA INGENIERÍA DE SISTEMAS,4,3.9,N
SIM-B027,2025-1,2025-1,603103,CÁLCULO DIFERENCIAL,4,2.6,N
SIM-B027,2025-1,2025-1,603104,PROCESOS COMUNICATIVOS,2,2.6,N
SIM-B027,2025-1,2025-1,603105,DESARROLLO DEL PENSAMIENTO LÓGICO MATEMÁTICO,2,2.3,N
SIM-B027,2025-1,2025-2,603101,ALGORITMIA Y PROGRAMACIÓN,4,3.3,N
SIM-B027,2025-1,2025-2,603103,CÁLCULO DIFERENCIAL,4,2.7,N
SIM-B027,2025-1,2025-2,603104,PROCESOS COMUNICATIVOS,2,2.1,N
SIM-B027,2025-1,2025-2,603105,DESARROLLO DEL PENSAMIENTO LÓGICO MATEMÁTICO,2,2.9,N
SIM-B027,2025-1,2025-2,603201,PROGRAMACIÓN ORIENTADA A OBJETOS,4,3.6,N
SIM-B027,2025-1,2026-1,603103,CÁLCULO DIFERENCIAL,4,3.4,N
SIM-B027,2025-1,2026-1,603104,PROCESOS COMUNICATIVOS,2,3.0,N
SIM-B027,2025-1,2026-1,603105,DESARROLLO DEL PENSAMIENTO LÓGICO MATEMÁTICO,2,4.5,N
SIM-B027,2025-1,2026-1,603202,SISTEMAS DIGITALES,3,1.5,N
SIM-B027,2025-1,2026-1,603203,CÁLCULO INTEGRAL,4,2.2,N
SIM-B027,2025-1,2026-1,603204,ÁLGEBRA LINEAL,3,2.6,N
SIM-B028,2025-1,2025-1,603101,ALGORITMIA Y PROGRAMACIÓN,4,4.4,N
SIM-B028,2025-1,2025-1,603102,INTRODUCCIÓN A LA INGENIERÍA DE SISTEMAS,4,1.9,N
SIM-B028,2025-1,2025-1,603103,CÁLCULO DIFERENCIAL,4,3.7,N
SIM-B028,2025-1,2025-1,603104,PROCESOS COMUNICATIVOS,2,4.9,N
SIM-B028,2025-1,2025-1,603105,DESARROLLO DEL PENSAMIENTO LÓGICO MATEMÁTICO,2,3.9,N
SIM-B028,2025-1,2025-2,603102,INTRODUCCIÓN A LA INGENIERÍA DE SISTEMAS,4,3.5,N
SIM-B028,2025-1,2025-2,603201,PROGRAMACIÓN ORIENTADA A OBJETOS,4,3.4,N
SIM-B028,2025-1,2025-2,603202,SISTEMAS DIGITALES,3,4.2,N
SIM-B028,2025-1,2025-2,603203,CÁLCULO INTEGRAL,4,3.0,N
SIM-B028,2025-1,2025-2,603204,ÁLGEBRA LINEAL,3,2.2,N
SIM-B028,2025-1,2026-1,603204,ÁLGEBRA LINEAL,3,2.9,N
SIM-B028,2025-1,2026-1,603205,FÍSICA MECÁNICA,4,2.7,N
SIM-B028,2025-1,2026-1,603301,ESTRUCTURAS DE DATOS,4,3.2,N
SIM-B028,2025-1,2026-1,603302,MÁQUINAS DIGITALES,3,3.5,N
SIM-B028,2025-1,2026-1,603303,CÁLCULO MULTIVARIADO,4,3.9,N
SIM-B029,2025-1,2025-1,603101,ALGORITMIA Y PROGRAMACIÓN,4,1.4,N
SIM-B029,2025-1,2025-1,603102,INTRODUCCIÓN A LA INGENIERÍA DE SISTEMAS,4,3.7,N
SIM-B029,2025-1,2025-1,603103,CÁLCULO DIFERENCIAL,4,2.0,N
SIM-B029,2025-1,2025-1,603104,PROCESOS COMUNICATIVOS,2,1.7,N
SIM-B029,2025-1,2025-1,603105,DESARROLLO DEL PENSAMIENTO LÓGICO MATEMÁTICO,2,1.7,N
SIM-B029,2025-1,2025-2,603101,ALGORITMIA Y PROGRAMACIÓN,4,1.9,N
SIM-B029,2025-1,2025-2,603103,CÁLCULO DIFERENCIAL,4,2.7,N
SIM-B029,2025-1,2025-2,603104,PROCESOS COMUNICATIVOS,2,2.6,N
SIM-B029,2025-1,2025-2,603105,DESARROLLO DEL PENSAMIENTO LÓGICO MATEMÁTICO,2,1.7,N
SIM-B029,2025-1,2025-2,603201,PROGRAMACIÓN ORIENTADA A OBJETOS,4,2.2,N
SIM-B030,2025-1,2025-1,603101,ALGORITMIA Y PROGRAMACIÓN,4,2.4,N
SIM-B030,2025-1,2025-1,603102,INTRODUCCIÓN A LA INGENIERÍA DE SISTEMAS,4,2.4,N
SIM-B030,2025-1,2025-1,603103,CÁLCULO DIFERENCIAL,4,1.7,N
SIM-B030,2025-1,2025-1,603104,PROCESOS COMUNICATIVOS,2,3.3,N
SIM-B030,2025-1,2025-1,603105,DESARROLLO DEL PENSAMIENTO LÓGICO MATEMÁTICO,2,0.8,N
SIM-B031,2025-1,2025-1,603101,ALGORITMIA Y PROGRAMACIÓN,4,3.4,N
SIM-B031,2025-1,2025-1,603102,INTRODUCCIÓN A LA INGENIERÍA DE SISTEMAS,4,3.1,N
SIM-B031,2025-1,2025-1,603103,CÁLCULO DIFERENCIAL,4,3.4,N
SIM-B031,2025-1,2025-1,603104,PROCESOS COMUNICATIVOS,2,2.5,N
SIM-B031,2025-1,2025-1,603105,DESARROLLO DEL PENSAMIENTO LÓGICO MATEMÁTICO,2,3.4,N
SIM-B031,2025-1,2025-2,603104,PROCESOS COMUNICATIVOS,2,3.0,N
SIM-B031,2025-1,2025-2,603201,PROGRAMACIÓN ORIENTADA A OBJETOS,4,3.6,N
SIM-B031,2025-1,2025-2,603202,SISTEMAS DIGITALES,3,3.4,N
SIM-B031,2025-1,2025-2,603203,CÁLCULO INTEGRAL,4,3.1,N
SIM-B031,2025-1,2025-2,603204,ÁLGEBRA LINEAL,3,2.4,N
SIM-B031,2025-1,2026-1,603204,ÁLGEBRA LINEAL,3,3.8,N
SIM-B031,2025-1,2026-1,603205,FÍSICA MECÁNICA,4,4.3,N
SIM-B031,2025-1,2026-1,603301,ESTRUCTURAS DE DATOS,4,3.8,N
SIM-B031,2025-1,2026-1,603302,MÁQUINAS DIGITALES,3,4.1,N
SIM-B031,2025-1,2026-1,603303,CÁLCULO MULTIVARIADO,4,3.6,N
SIM-B032,2025-1,2025-1,603101,ALGORITMIA Y PROGRAMACIÓN,4,3.0,N
SIM-B032,2025-1,2025-1,603102,INTRODUCCIÓN A LA INGENIERÍA DE SISTEMAS,4,4.9,N
SIM-B032,2025-1,2025-1,603103,CÁLCULO DIFERENCIAL,4,3.6,N
SIM-B032,2025-1,2025-1,603104,PROCESOS COMUNICATIVOS,2,3.9,N
SIM-B032,2025-1,2025-1,603105,DESARROLLO DEL PENSAMIENTO LÓGICO MATEMÁTICO,2,4.0,N
SIM-B032,2025-1,2025-2,603201,PROGRAMACIÓN ORIENTADA A OBJETOS,4,2.9,N
SIM-B032,2025-1,2025-2,603202,SISTEMAS DIGITALES,3,4.7,N
SIM-B032,2025-1,2025-2,603203,CÁLCULO INTEGRAL,4,3.5,N
SIM-B032,2025-1,2025-2,603204,ÁLGEBRA LINEAL,3,4.4,N
SIM-B032,2025-1,2025-2,603205,FÍSICA MECÁNICA,4,2.4,N
SIM-B032,2025-1,2026-1,603201,PROGRAMACIÓN ORIENTADA A OBJETOS,4,4.3,N
SIM-B032,2025-1,2026-1,603205,FÍSICA MECÁNICA,4,4.7,N
SIM-B032,2025-1,2026-1,603301,ESTRUCTURAS DE DATOS,4,3.8,N
SIM-B032,2025-1,2026-1,603302,MÁQUINAS DIGITALES,3,3.0,N
SIM-B032,2025-1,2026-1,603305,DEMOCRACIA Y PAZ,2,3.8,N
SIM-B033,2025-1,2025-1,603101,ALGORITMIA Y PROGRAMACIÓN,4,3.4,N
SIM-B033,2025-1,2025-1,603102,INTRODUCCIÓN A LA INGENIERÍA DE SISTEMAS,4,3.9,N
SIM-B033,2025-1,2025-1,603103,CÁLCULO DIFERENCIAL,4,3.1,N
SIM-B033,2025-1,2025-1,603104,PROCESOS COMUNICATIVOS,2,3.8,N
SIM-B033,2025-1,2025-1,603105,DESARROLLO DEL PENSAMIENTO LÓGICO MATEMÁTICO,2,3.3,N
SIM-B033,2025-1,2025-2,603201,PROGRAMACIÓN ORIENTADA A OBJETOS,4,5.0,N
SIM-B033,2025-1,2025-2,603202,SISTEMAS DIGITALES,3,3.6,N
SIM-B033,2025-1,2025-2,603203,CÁLCULO INTEGRAL,4,4.4,N
SIM-B033,2025-1,2025-2,603204,ÁLGEBRA LINEAL,3,2.8,N
SIM-B033,2025-1,2025-2,603205,FÍSICA MECÁNICA,4,2.4,N
SIM-B033,2025-1,2026-1,603204,ÁLGEBRA LINEAL,3,3.9,N
SIM-B033,2025-1,2026-1,603205,FÍSICA MECÁNICA,4,2.9,N
SIM-B033,2025-1,2026-1,603301,ESTRUCTURAS DE DATOS,4,4.2,N
SIM-B033,2025-1,2026-1,603302,MÁQUINAS DIGITALES,3,4.1,N
SIM-B033,2025-1,2026-1,603303,CÁLCULO MULTIVARIADO,4,3.2,N
SIM-B034,2025-1,2025-1,603101,ALGORITMIA Y PROGRAMACIÓN,4,3.3,N
SIM-B034,2025-1,2025-1,603102,INTRODUCCIÓN A LA INGENIERÍA DE SISTEMAS,4,3.2,N
SIM-B034,2025-1,2025-1,603103,CÁLCULO DIFERENCIAL,4,1.7,N
SIM-B034,2025-1,2025-1,603104,PROCESOS COMUNICATIVOS,2,3.0,N
SIM-B034,2025-1,2025-1,603105,DESARROLLO DEL PENSAMIENTO LÓGICO MATEMÁTICO,2,3.7,N
SIM-B034,2025-1,2025-2,603103,CÁLCULO DIFERENCIAL,4,1.6,N
SIM-B034,2025-1,2025-2,603201,PROGRAMACIÓN ORIENTADA A OBJETOS,4,2.1,N
SIM-B034,2025-1,2025-2,603202,SISTEMAS DIGITALES,3,2.1,N
SIM-B034,2025-1,2025-2,603203,CÁLCULO INTEGRAL,4,1.9,N
SIM-B034,2025-1,2025-2,603204,ÁLGEBRA LINEAL,3,2.5,N
SIM-B035,2025-1,2025-1,603101,ALGORITMIA Y PROGRAMACIÓN,4,2.4,N
SIM-B035,2025-1,2025-1,603102,INTRODUCCIÓN A LA INGENIERÍA DE SISTEMAS,4,3.4,N
SIM-B035,2025-1,2025-1,603103,CÁLCULO DIFERENCIAL,4,3.9,N
SIM-B035,2025-1,2025-1,603104,PROCESOS COMUNICATIVOS,2,3.5,N
SIM-B035,2025-1,2025-1,603105,DESARROLLO DEL PENSAMIENTO LÓGICO MATEMÁTICO,2,2.3,N
SIM-B035,2025-1,2025-2,603101,ALGORITMIA Y PROGRAMACIÓN,4,3.0,N
SIM-B035,2025-1,2025-2,603105,DESARROLLO DEL PENSAMIENTO LÓGICO MATEMÁTICO,2,2.7,N
SIM-B035,2025-1,2025-2,603201,PROGRAMACIÓN ORIENTADA A OBJETOS,4,4.0,N
SIM-B035,2025-1,2025-2,603202,SISTEMAS DIGITALES,3,3.0,N
SIM-B035,2025-1,2025-2,603203,CÁLCULO INTEGRAL,4,2.9,N
SIM-B035,2025-1,2026-1,603105,DESARROLLO DEL PENSAMIENTO LÓGICO MATEMÁTICO,2,2.0,N
SIM-B035,2025-1,2026-1,603203,CÁLCULO INTEGRAL,4,2.7,N
SIM-B035,2025-1,2026-1,603204,ÁLGEBRA LINEAL,3,4.2,N
SIM-B035,2025-1,2026-1,603205,FÍSICA MECÁNICA,4,1.7,N
SIM-B035,2025-1,2026-1,603301,ESTRUCTURAS DE DATOS,4,2.1,N
SIM-B036,2025-1,2025-1,603101,ALGORITMIA Y PROGRAMACIÓN,4,3.2,N
SIM-B036,2025-1,2025-1,603102,INTRODUCCIÓN A LA INGENIERÍA DE SISTEMAS,4,3.6,N
SIM-B036,2025-1,2025-1,603103,CÁLCULO DIFERENCIAL,4,2.9,N
SIM-B036,2025-1,2025-1,603104,PROCESOS COMUNICATIVOS,2,3.0,N
SIM-B036,2025-1,2025-1,603105,DESARROLLO DEL PENSAMIENTO LÓGICO MATEMÁTICO,2,2.2,N
SIM-B036,2025-1,2025-2,603103,CÁLCULO DIFERENCIAL,4,2.9,N
SIM-B036,2025-1,2025-2,603105,DESARROLLO DEL PENSAMIENTO LÓGICO MATEMÁTICO,2,3.8,N
SIM-B036,2025-1,2025-2,603201,PROGRAMACIÓN ORIENTADA A OBJETOS,4,2.9,N
SIM-B036,2025-1,2025-2,603202,SISTEMAS DIGITALES,3,3.8,N
SIM-B036,2025-1,2025-2,603203,CÁLCULO INTEGRAL,4,3.4,N
SIM-B036,2025-1,2026-1,603103,CÁLCULO DIFERENCIAL,4,2.5,N
SIM-B036,2025-1,2026-1,603201,PROGRAMACIÓN ORIENTADA A OBJETOS,4,4.2,N
SIM-B036,2025-1,2026-1,603204,ÁLGEBRA LINEAL,3,2.3,N
SIM-B036,2025-1,2026-1,603205,FÍSICA MECÁNICA,4,3.9,N
SIM-B036,2025-1,2026-1,603302,MÁQUINAS DIGITALES,3,3.0,N
SIM-B037,2025-1,2025-1,603101,ALGORITMIA Y PROGRAMACIÓN,4,1.6,N
SIM-B037,2025-1,2025-1,603102,INTRODUCCIÓN A LA INGENIERÍA DE SISTEMAS,4,2.6,N
SIM-B037,2025-1,2025-1,603103,CÁLCULO DIFERENCIAL,4,2.5,N
SIM-B037,2025-1,2025-1,603104,PROCESOS COMUNICATIVOS,2,2.3,N
SIM-B037,2025-1,2025-1,603105,DESARROLLO DEL PENSAMIENTO LÓGICO MATEMÁTICO,2,2.9,N
SIM-B037,2025-1,2025-2,603101,ALGORITMIA Y PROGRAMACIÓN,4,3.2,N
SIM-B037,2025-1,2025-2,603102,INTRODUCCIÓN A LA INGENIERÍA DE SISTEMAS,4,2.5,N
SIM-B037,2025-1,2025-2,603103,CÁLCULO DIFERENCIAL,4,2.0,N
SIM-B037,2025-1,2025-2,603104,PROCESOS COMUNICATIVOS,2,3.0,N
SIM-B037,2025-1,2025-2,603105,DESARROLLO DEL PENSAMIENTO LÓGICO MATEMÁTICO,2,2.2,N
SIM-B037,2025-1,2026-1,603102,INTRODUCCIÓN A LA INGENIERÍA DE SISTEMAS,4,2.8,N
SIM-B037,2025-1,2026-1,603103,CÁLCULO DIFERENCIAL,4,1.3,N
SIM-B037,2025-1,2026-1,603105,DESARROLLO DEL PENSAMIENTO LÓGICO MATEMÁTICO,2,3.1,N
SIM-B037,2025-1,2026-1,603201,PROGRAMACIÓN ORIENTADA A OBJETOS,4,2.7,N
SIM-B037,2025-1,2026-1,603202,SISTEMAS DIGITALES,3,3.2,N
SIM-B038,2025-1,2025-1,603101,ALGORITMIA Y PROGRAMACIÓN,4,3.1,N
SIM-B038,2025-1,2025-1,603102,INTRODUCCIÓN A LA INGENIERÍA DE SISTEMAS,4,2.8,N
SIM-B038,2025-1,2025-1,603103,CÁLCULO DIFERENCIAL,4,2.4,N
SIM-B038,2025-1,2025-1,603104,PROCESOS COMUNICATIVOS,2,1.7,N
SIM-B038,2025-1,2025-1,603105,DESARROLLO DEL PENSAMIENTO LÓGICO MATEMÁTICO,2,2.4,N
SIM-B038,2025-1,2025-2,603102,INTRODUCCIÓN A LA INGENIERÍA DE SISTEMAS,4,1.5,N
SIM-B038,2025-1,2025-2,603103,CÁLCULO DIFERENCIAL,4,3.3,N
SIM-B038,2025-1,2025-2,603104,PROCESOS COMUNICATIVOS,2,2.2,N
SIM-B038,2025-1,2025-2,603105,DESARROLLO DEL PENSAMIENTO LÓGICO MATEMÁTICO,2,1.9,N
SIM-B038,2025-1,2025-2,603201,PROGRAMACIÓN ORIENTADA A OBJETOS,4,2.8,N
SIM-B038,2025-1,2026-1,603102,INTRODUCCIÓN A LA INGENIERÍA DE SISTEMAS,4,2.5,N
SIM-B038,2025-1,2026-1,603104,PROCESOS COMUNICATIVOS,2,3.4,N
SIM-B038,2025-1,2026-1,603105,DESARROLLO DEL PENSAMIENTO LÓGICO MATEMÁTICO,2,1.8,N
SIM-B038,2025-1,2026-1,603201,PROGRAMACIÓN ORIENTADA A OBJETOS,4,3.8,N
SIM-B038,2025-1,2026-1,603202,SISTEMAS DIGITALES,3,3.9,N
SIM-B038,2025-1,2026-1,603204,ÁLGEBRA LINEAL,3,3.6,N
SIM-B039,2025-1,2025-1,603101,ALGORITMIA Y PROGRAMACIÓN,4,2.9,N
SIM-B039,2025-1,2025-1,603102,INTRODUCCIÓN A LA INGENIERÍA DE SISTEMAS,4,2.2,N
SIM-B039,2025-1,2025-1,603103,CÁLCULO DIFERENCIAL,4,1.7,N
SIM-B039,2025-1,2025-1,603104,PROCESOS COMUNICATIVOS,2,3.6,N
SIM-B039,2025-1,2025-1,603105,DESARROLLO DEL PENSAMIENTO LÓGICO MATEMÁTICO,2,2.7,N
SIM-B040,2025-1,2025-1,603101,ALGORITMIA Y PROGRAMACIÓN,4,3.8,N
SIM-B040,2025-1,2025-1,603102,INTRODUCCIÓN A LA INGENIERÍA DE SISTEMAS,4,2.5,N
SIM-B040,2025-1,2025-1,603103,CÁLCULO DIFERENCIAL,4,2.5,N
SIM-B040,2025-1,2025-1,603104,PROCESOS COMUNICATIVOS,2,3.2,N
SIM-B040,2025-1,2025-1,603105,DESARROLLO DEL PENSAMIENTO LÓGICO MATEMÁTICO,2,3.3,N
SIM-B040,2025-1,2025-2,603102,INTRODUCCIÓN A LA INGENIERÍA DE SISTEMAS,4,4.4,N
SIM-B040,2025-1,2025-2,603103,CÁLCULO DIFERENCIAL,4,3.2,N
SIM-B040,2025-1,2025-2,603201,PROGRAMACIÓN ORIENTADA A OBJETOS,4,3.3,N
SIM-B040,2025-1,2025-2,603202,SISTEMAS DIGITALES,3,2.9,N
SIM-B040,2025-1,2025-2,603204,ÁLGEBRA LINEAL,3,3.7,N
SIM-B040,2025-1,2026-1,603202,SISTEMAS DIGITALES,3,4.3,N
SIM-B040,2025-1,2026-1,603203,CÁLCULO INTEGRAL,4,3.8,N
SIM-B040,2025-1,2026-1,603205,FÍSICA MECÁNICA,4,1.4,N
SIM-B040,2025-1,2026-1,603301,ESTRUCTURAS DE DATOS,4,3.7,N
SIM-B040,2025-1,2026-1,603302,MÁQUINAS DIGITALES,3,3.4,N
SIM-B041,2025-1,2025-1,603101,ALGORITMIA Y PROGRAMACIÓN,4,5.0,N
SIM-B041,2025-1,2025-1,603102,INTRODUCCIÓN A LA INGENIERÍA DE SISTEMAS,4,3.5,N
SIM-B041,2025-1,2025-1,603103,CÁLCULO DIFERENCIAL,4,3.9,N
SIM-B041,2025-1,2025-1,603104,PROCESOS COMUNICATIVOS,2,4.0,N
SIM-B041,2025-1,2025-1,603105,DESARROLLO DEL PENSAMIENTO LÓGICO MATEMÁTICO,2,2.2,N
SIM-B041,2025-1,2025-2,603105,DESARROLLO DEL PENSAMIENTO LÓGICO MATEMÁTICO,2,3.9,N
SIM-B041,2025-1,2025-2,603201,PROGRAMACIÓN ORIENTADA A OBJETOS,4,3.4,N
SIM-B041,2025-1,2025-2,603202,SISTEMAS DIGITALES,3,2.4,N
SIM-B041,2025-1,2025-2,603203,CÁLCULO INTEGRAL,4,3.2,N
SIM-B041,2025-1,2025-2,603204,ÁLGEBRA LINEAL,3,3.0,N
SIM-B041,2025-1,2026-1,603202,SISTEMAS DIGITALES,3,4.5,N
SIM-B041,2025-1,2026-1,603205,FÍSICA MECÁNICA,4,4.0,N
SIM-B041,2025-1,2026-1,603301,ESTRUCTURAS DE DATOS,4,3.3,N
SIM-B041,2025-1,2026-1,603302,MÁQUINAS DIGITALES,3,3.5,N
SIM-B041,2025-1,2026-1,603303,CÁLCULO MULTIVARIADO,4,3.2,N
SIM-B042,2025-1,2025-1,603101,ALGORITMIA Y PROGRAMACIÓN,4,3.2,N
SIM-B042,2025-1,2025-1,603102,INTRODUCCIÓN A LA INGENIERÍA DE SISTEMAS,4,3.0,N
SIM-B042,2025-1,2025-1,603103,CÁLCULO DIFERENCIAL,4,2.6,N
SIM-B042,2025-1,2025-1,603104,PROCESOS COMUNICATIVOS,2,3.5,N
SIM-B042,2025-1,2025-1,603105,DESARROLLO DEL PENSAMIENTO LÓGICO MATEMÁTICO,2,3.9,N
SIM-B042,2025-1,2025-2,603103,CÁLCULO DIFERENCIAL,4,2.3,N
SIM-B042,2025-1,2025-2,603201,PROGRAMACIÓN ORIENTADA A OBJETOS,4,3.7,N
SIM-B042,2025-1,2025-2,603202,SISTEMAS DIGITALES,3,3.0,N
SIM-B042,2025-1,2025-2,603203,CÁLCULO INTEGRAL,4,3.0,N
SIM-B042,2025-1,2025-2,603204,ÁLGEBRA LINEAL,3,3.1,N
SIM-B042,2025-1,2026-1,603103,CÁLCULO DIFERENCIAL,4,2.4,N
SIM-B042,2025-1,2026-1,603205,FÍSICA MECÁNICA,4,3.1,N
SIM-B042,2025-1,2026-1,603301,ESTRUCTURAS DE DATOS,4,2.8,N
SIM-B042,2025-1,2026-1,603302,MÁQUINAS DIGITALES,3,3.8,N
SIM-B042,2025-1,2026-1,603305,DEMOCRACIA Y PAZ,2,3.9,N
