umbral,Recall+,Prec+,F1-mac
0.1,0.95,0.35,0.676
0.12,0.932,0.368,0.681
0.14,0.914,0.386,0.685
0.16,0.896,0.404,0.69
0.18,0.878,0.422,0.695
0.2,0.86,0.44,0.7
0.22,0.842,0.458,0.705
0.24,0.824,0.476,0.71
0.26,0.806,0.494,0.715
0.28,0.788,0.512,0.719
0.3,0.77,0.53,0.724
0.32,0.752,0.548,0.728
0.34,0.734,0.566,0.732
0.36,0.716,0.584,0.736
0.38,0.698,0.602,0.739
0.4,0.68,0.62,0.742
0.42,0.662,0.638,0.745
0.44,0.644,0.656,0.747
0.46,0.626,0.674,0.748
0.48,0.608,0.692,0.749
0.5,0.59,0.71,0.75
0.52,0.572,0.728,0.75
0.54,0.554,0.746,0.75
0.56,0.536,0.764,0.749
0.58,0.518,0.782,0.747
0.6,0.5,0.8,0.745
0.62,0.482,0.818,0.743
0.64,0.464,0.836,0.74
