CODIGO_INST,COHORTE,SEXO,NIVEL_ED_PADRE,NIVEL_ED_MADRE,ANOS_REPITIO,ESTRATO_ACTUAL,TIPO_PLANTEL,ZONA_LUGAR_RESIDENCIA,sexo,nivel_edu_padre,nivel_edu_madre,nivel_edu_max_padres,repitio_escolar,estrato,log_ingresos,sisben_nivel,tipo_plantel,zona_rural,vive_con,situacion_padres,icfes_total,icfes_mat,icfes_lec,icfes_nat,cohorte_encoded,prom_sem1,sin_primer_semestre,graduado,rendimiento_bajo,PROMEDIO_CARRERA,programa,programa_corto,prog_sistemas,prog_electrónica,prog_biología,n_periodos_cursados,art19_n_eventos,art19_dudoso,art19_primer_periodo,bajo_rendimiento_art19,tiene_actividad_academica
164004000,2017-2,F,5.0,7.0,N,2,G,U,0,4,5,5,0,2,15.928562029635655,1,0,0,1,1,298.0,64.0,58.0,58.0,0,3.3,0,0,1,2.7,BIOLOGIA,Biología,0,0,1,3,1,0,2018-2,1.0,1
164004002,2017-2,F,12.0,12.0,N,3,P,U,0,10,10,10,0,3,16.10196637065445,0,1,0,1,1,225.0,36.0,45.0,45.0,0,2.3,0,0,1,2.3,BIOLOGIA,Biología,0,0,1,1,0,0,,0.0,1
164004003,2017-2,F,5.0,10.0,S,3,P,U,0,4,8,8,1,3,15.524524266783386,0,1,0,1,2,238.0,47.0,54.0,48.0,0,3.2,1,0,1,0.2,BIOLOGIA,Biología,0,0,1,1,1,0,2018-1,1.0,1
164004004,2017-2,M,8.0,2.0,S,1,P,U,1,6,1,6,1,1,16.249124001084017,2,1,0,5,1,302.0,58.0,66.0,67.0,0,2.7,0,0,1,2.3,BIOLOGIA,Biología,0,0,1,2,0,0,,0.0,1
164004007,2017-2,F,2.0,5.0,N,2,G,U,0,1,4,4,0,2,16.48551276068103,2,0,0,2,2,326.0,66.0,75.0,62.0,0,3.9,0,0,0,3.6,BIOLOGIA,Biología,0,0,1,13,0,0,,0.0,1
164004009,2017-2,M,,5.0,S,2,G,R,1,0,4,4,1,2,15.38412668421143,2,0,1,2,3,318.0,59.0,67.0,57.0,0,2.8,0,0,1,2.9,BIOLOGIA,Biología,0,0,1,2,0,0,,0.0,1
164004010,2017-2,M,5.0,5.0,S,3,G,U,1,4,4,4,1,3,16.784812558820658,2,0,0,1,1,263.0,57.0,61.0,51.0,0,2.9,0,0,1,2.4,BIOLOGIA,Biología,0,0,1,3,0,0,,0.0,1
164004011,2017-2,F,4.0,4.0,N,2,G,U,0,3,3,3,0,2,15.789591722875162,2,0,0,2,2,306.0,63.0,62.0,62.0,0,3.1,0,0,1,2.5,BIOLOGIA,Biología,0,0,1,3,1,0,2018-2,1.0,1
164004012,2017-2,M,12.0,8.0,N,3,G,U,1,10,6,10,0,3,15.38412668421143,2,0,0,5,1,306.0,63.0,62.0,62.0,0,3.0,0,0,1,2.8,BIOLOGIA,Biología,0,0,1,12,1,1,2020-1,1.0,1
164004014,2017-2,F,4.0,5.0,N,2,G,U,0,3,4,4,0,2,15.607270193858982,2,0,0,1,2,306.0,63.0,62.0,62.0,0,3.2,0,0,1,2.0,BIOLOGIA,Biología,0,0,1,3,1,0,2021-1,1.0,1
164004015,2017-2,F,5.0,8.0,N,2,P,U,0,4,6,6,0,2,15.928870438678883,3,1,0,1,1,268.0,58.0,48.0,53.0,0,3.2,0,1,0,3.6,BIOLOGIA,Biología,0,0,1,13,0,0,,0.0,1
164004016,2017-2,F,4.0,1.0,N,2,G,U,0,3,0,3,0,2,15.501909696719672,2,0,0,2,1,263.0,50.0,54.0,59.0,0,3.7,0,0,0,3.2,BIOLOGIA,Biología,0,0,1,2,0,0,,0.0,1
164004017,2017-2,F,5.0,4.0,N,3,P,U,0,4,3,4,0,3,16.70454380934903,1,1,0,1,2,306.0,64.0,57.0,62.0,0,3.7,0,0,0,3.6,BIOLOGIA,Biología,0,0,1,12,0,0,,0.0,1
164004019,2017-2,M,14.0,14.0,N,3,G,U,1,12,12,12,0,3,16.300417291085605,0,0,0,1,2,288.0,68.0,47.0,58.0,0,3.4,0,0,1,2.7,BIOLOGIA,Biología,0,0,1,2,0,0,,0.0,1
164004021,2017-2,M,12.0,5.0,N,4,P,U,1,10,4,10,0,4,15.999312227580958,0,1,0,1,1,306.0,63.0,62.0,62.0,0,3.4,0,0,1,2.4,BIOLOGIA,Biología,0,0,1,2,1,0,2018-1,1.0,1
164004022,2017-2,F,5.0,5.0,N,1,G,U,0,4,4,4,0,1,15.82242186298016,1,0,0,2,1,239.0,48.0,49.0,50.0,0,1.2,0,0,1,1.2,BIOLOGIA,Biología,0,0,1,1,1,0,2017-2,1.0,1
164004023,2017-2,M,5.0,11.0,N,1,G,U,1,4,9,9,0,1,16.76484343717976,2,0,0,2,1,320.0,64.0,66.0,68.0,0,4.0,0,1,0,3.8,BIOLOGIA,Biología,0,0,1,11,0,0,,0.0,1
164004024,2017-2,F,12.0,8.0,N,3,P,U,0,10,6,10,0,3,16.888203918950687,0,1,0,1,2,263.0,42.0,57.0,53.0,0,2.2,0,0,1,2.2,BIOLOGIA,Biología,0,0,1,1,0,0,,0.0,1
164004025,2017-2,F,7.0,5.0,S,1,G,U,0,5,4,5,1,1,16.48273883399067,3,0,0,1,2,273.0,54.0,50.0,57.0,0,4.2,0,1,0,3.8,BIOLOGIA,Biología,0,0,1,11,0,0,,0.0,1
164004027,2017-2,M,12.0,2.0,S,1,G,U,1,10,1,10,1,1,15.996221872109551,1,0,0,5,1,271.0,55.0,50.0,63.0,0,3.4,0,0,0,3.0,BIOLOGIA,Biología,0,0,1,2,0,0,,0.0,1
164004028,2017-2,M,5.0,5.0,N,2,G,U,1,4,4,4,0,2,15.943742382861155,2,0,0,2,1,268.0,63.0,51.0,58.0,0,3.8,0,0,0,3.0,BIOLOGIA,Biología,0,0,1,9,0,0,,0.0,1
164004029,2017-2,M,2.0,2.0,S,2,G,U,1,1,1,1,1,2,15.928562029635655,2,0,0,1,2,306.0,63.0,62.0,62.0,0,3.1,0,0,1,2.9,BIOLOGIA,Biología,0,0,1,3,0,0,,0.0,1
164004030,2017-2,F,2.0,2.0,S,2,G,U,0,1,1,1,1,2,15.768433772175568,0,0,0,2,2,234.0,39.0,50.0,47.0,0,2.4,0,0,1,2.4,BIOLOGIA,Biología,0,0,1,1,0,0,,0.0,1
164004032,2017-2,M,5.0,3.0,S,1,P,U,1,4,2,4,1,1,16.705882371415992,2,1,0,1,1,281.0,67.0,58.0,49.0,0,3.2,0,0,1,2.8,BIOLOGIA,Biología,0,0,1,6,0,0,,0.0,1
164004034,2017-2,M,4.0,5.0,N,3,G,R,1,3,4,4,0,3,15.996199279624104,0,0,1,2,2,380.0,88.0,66.0,69.0,0,3.5,0,0,1,2.8,BIOLOGIA,Biología,0,0,1,3,0,0,,0.0,1
164004035,2017-2,F,4.0,5.0,N,2,G,U,0,3,4,4,0,2,14.708503184470732,0,0,0,1,2,262.0,54.0,57.0,50.0,0,4.0,0,0,0,3.6,BIOLOGIA,Biología,0,0,1,12,0,0,,0.0,1
164004036,2017-2,F,,5.0,S,1,G,U,0,0,4,4,1,1,15.38412668421143,1,0,0,5,1,256.0,42.0,56.0,47.0,0,2.4,0,0,1,2.4,BIOLOGIA,Biología,0,0,1,1,0,0,,0.0,1
164004037,2017-2,M,11.0,5.0,S,3,G,U,1,9,4,9,1,3,16.79769051228684,0,0,0,1,2,360.0,78.0,65.0,69.0,0,4.0,0,0,0,3.7,BIOLOGIA,Biología,0,0,1,12,0,0,,0.0,1
164004038,2017-2,F,10.0,12.0,N,3,G,U,0,8,10,10,0,3,16.072261219304632,0,0,0,1,2,286.0,56.0,55.0,57.0,0,3.6,0,0,0,3.0,BIOLOGIA,Biología,0,0,1,4,0,0,,0.0,1
164004039,2017-2,F,5.0,5.0,N,3,P,U,0,4,4,4,0,3,17.720790902660337,0,1,0,2,2,247.0,56.0,49.0,45.0,0,3.7,0,0,0,3.2,BIOLOGIA,Biología,0,0,1,8,0,0,,0.0,1
164004041,2017-2,F,5.0,5.0,N,2,G,U,0,4,4,4,0,2,15.607270193858982,1,0,0,1,2,242.0,44.0,47.0,54.0,0,2.7,0,1,0,3.6,BIOLOGIA,Biología,0,0,1,13,0,0,,0.0,1
164004042,2017-2,F,2.0,2.0,N,1,G,U,0,1,1,1,0,1,15.928562029635655,3,0,0,1,2,288.0,62.0,57.0,61.0,0,3.0,0,0,1,2.6,BIOLOGIA,Biología,0,0,1,2,1,0,2018-1,1.0,1
164004044,2017-2,F,5.0,5.0,N,1,G,U,0,4,4,4,0,1,16.620687530293274,1,0,0,2,2,277.0,52.0,55.0,61.0,0,0.6,0,0,1,0.6,BIOLOGIA,Biología,0,0,1,1,1,0,2017-2,1.0,1
164004045,2017-2,F,5.0,5.0,N,1,G,R,0,4,4,4,0,1,15.927903320732023,1,0,1,5,1,279.0,49.0,58.0,58.0,0,0.0,0,0,1,0.0,BIOLOGIA,Biología,0,0,1,1,1,0,2017-2,1.0,1
164004046,2017-2,F,1.0,2.0,N,1,G,U,0,0,1,1,0,1,15.943742382861155,2,0,0,5,2,267.0,47.0,59.0,58.0,0,3.2,0,0,0,3.0,BIOLOGIA,Biología,0,0,1,3,0,0,,0.0,1
164004047,2017-2,M,4.0,5.0,N,1,G,U,1,3,4,4,0,1,15.928563480057516,1,0,0,2,1,261.0,52.0,59.0,59.0,0,0.2,0,0,1,0.2,BIOLOGIA,Biología,0,0,1,1,1,0,2017-2,1.0,1
160004000,2017-2,F,,5.0,N,2,G,U,0,0,4,4,0,2,16.48273883399067,2,0,0,1,1,302.0,57.0,63.0,62.0,0,3.2,1,0,0,3.7,INGENIERIA DE SISTEMAS,Sistemas,1,0,0,0,0,0,,,0
160004001,2017-2,M,2.0,3.0,N,1,G,U,1,1,2,2,0,1,16.077273760604726,1,0,0,2,1,298.0,68.0,58.0,56.0,0,4.2,0,0,1,2.9,INGENIERIA DE SISTEMAS,Sistemas,1,0,0,3,1,0,2018-2,1.0,1
160004002,2017-2,M,,5.0,N,2,P,U,1,0,4,4,0,2,16.077273760604726,1,1,0,1,1,305.0,62.0,65.0,58.0,0,4.0,0,0,1,2.6,INGENIERIA DE SISTEMAS,Sistemas,1,0,0,3,1,0,2018-2,1.0,1
160004003,2017-2,M,5.0,5.0,N,2,P,U,1,4,4,4,0,2,17.108547990690635,0,1,0,1,2,302.0,62.0,62.0,60.0,0,3.6,0,0,1,2.7,INGENIERIA DE SISTEMAS,Sistemas,1,0,0,3,0,0,,0.0,1
160004004,2017-2,M,2.0,5.0,N,1,P,U,1,1,4,4,0,1,15.977231841750806,0,1,0,2,1,252.0,59.0,49.0,47.0,0,3.7,0,1,0,3.6,INGENIERIA DE SISTEMAS,Sistemas,1,0,0,11,0,0,,0.0,1
160004005,2017-2,M,,12.0,N,2,P,U,1,0,10,10,0,2,16.565853735162666,1,1,0,1,1,308.0,60.0,57.0,65.0,0,3.7,0,1,0,3.5,INGENIERIA DE SISTEMAS,Sistemas,1,0,0,14,0,0,,0.0,1
160004006,2017-2,M,5.0,5.0,S,1,G,R,1,4,4,4,1,1,16.48273883399067,2,0,1,1,2,295.0,61.0,65.0,58.0,0,3.1,0,0,1,2.9,INGENIERIA DE SISTEMAS,Sistemas,1,0,0,3,0,0,,0.0,1
160004007,2017-2,M,8.0,,S,1,G,U,1,6,0,6,1,1,15.929353647134382,1,0,0,3,1,294.0,65.0,58.0,60.0,0,0.9,0,0,1,0.9,INGENIERIA DE SISTEMAS,Sistemas,1,0,0,1,1,0,2017-2,1.0,1
160004008,2017-2,M,14.0,14.0,N,3,P,U,1,12,12,12,0,3,16.48273883399067,0,1,0,1,2,337.0,67.0,66.0,66.0,0,3.8,0,1,0,3.8,INGENIERIA DE SISTEMAS,Sistemas,1,0,0,10,0,0,,0.0,1
160004010,2017-2,M,5.0,5.0,N,1,G,R,1,4,4,4,0,1,15.928562029635655,2,0,1,2,1,300.0,67.0,62.0,62.0,0,3.2,1,0,0,3.8,INGENIERIA DE SISTEMAS,Sistemas,1,0,0,0,0,0,,,0
160004012,2017-2,M,3.0,3.0,S,1,G,R,1,2,2,2,1,1,16.300417291085605,1,0,1,3,2,297.0,66.0,58.0,59.0,0,3.3,0,0,1,2.2,INGENIERIA DE SISTEMAS,Sistemas,1,0,0,4,1,0,2021-1,1.0,1
160004013,2017-2,M,2.0,4.0,N,2,G,U,1,1,3,3,0,2,15.86963441986494,0,0,0,1,1,291.0,62.0,52.0,60.0,0,3.2,0,0,1,2.6,INGENIERIA DE SISTEMAS,Sistemas,1,0,0,3,0,0,,0.0,1
160004015,2017-2,M,8.0,11.0,S,1,P,U,1,6,9,9,1,1,14.914123179965662,2,1,0,4,1,309.0,66.0,62.0,61.0,0,3.7,0,1,0,3.6,INGENIERIA DE SISTEMAS,Sistemas,1,0,0,6,0,0,,0.0,1
160004016,2017-2,M,,12.0,N,2,G,R,1,0,10,10,0,2,16.990940741224883,1,0,1,2,1,301.0,62.0,54.0,66.0,0,3.8,0,0,0,3.2,INGENIERIA DE SISTEMAS,Sistemas,1,0,0,8,2,0,2020-1,1.0,1
160004017,2017-2,M,12.0,10.0,N,2,G,U,1,10,8,10,0,2,16.720179675328176,2,0,0,2,2,300.0,61.0,61.0,65.0,0,3.2,1,0,0,3.4,INGENIERIA DE SISTEMAS,Sistemas,1,0,0,0,0,0,,,0
160004018,2017-2,M,2.0,3.0,N,1,G,U,1,1,2,2,0,1,15.501909696719672,2,0,0,5,1,301.0,65.0,58.0,64.0,0,3.2,1,0,0,3.7,INGENIERIA DE SISTEMAS,Sistemas,1,0,0,0,0,0,,,0
160004019,2017-2,M,3.0,9.0,N,2,G,U,1,2,7,7,0,2,15.86963441986494,2,0,0,2,1,346.0,75.0,63.0,67.0,0,3.8,0,0,1,2.5,INGENIERIA DE SISTEMAS,Sistemas,1,0,0,3,1,0,2018-2,1.0,1
160004020,2017-2,M,,12.0,N,2,G,U,1,0,10,10,0,2,16.300417291085605,4,0,0,2,1,307.0,59.0,63.0,65.0,0,3.8,0,0,0,3.2,INGENIERIA DE SISTEMAS,Sistemas,1,0,0,4,0,0,,0.0,1
160004022,2017-2,M,,12.0,N,2,G,U,1,0,10,10,0,2,15.424948670398354,0,0,0,1,1,313.0,64.0,58.0,61.0,0,3.6,0,0,1,2.4,INGENIERIA DE SISTEMAS,Sistemas,1,0,0,3,1,0,2019-1,1.0,1
160004023,2017-2,M,5.0,5.0,N,2,G,U,1,4,4,4,0,2,16.521794600325933,0,0,0,1,1,304.0,64.0,53.0,62.0,0,3.4,0,1,0,3.5,INGENIERIA DE SISTEMAS,Sistemas,1,0,0,13,0,0,,0.0,1
160004025,2017-2,M,2.0,5.0,S,3,P,U,1,1,4,4,1,3,15.928562029635655,2,1,0,1,1,377.0,76.0,72.0,69.0,0,3.2,1,0,0,3.4,INGENIERIA DE SISTEMAS,Sistemas,1,0,0,0,0,0,,,0
160004026,2017-2,M,4.0,10.0,N,2,G,U,1,3,8,8,0,2,15.996222323954052,0,0,0,2,2,316.0,64.0,58.0,62.0,0,3.2,1,0,0,4.0,INGENIERIA DE SISTEMAS,Sistemas,1,0,0,0,0,0,,,0
160004027,2017-2,M,4.0,4.0,N,2,G,U,1,3,3,3,0,2,16.453385546032013,2,0,0,1,2,294.0,60.0,53.0,63.0,0,1.5,0,0,1,1.5,INGENIERIA DE SISTEMAS,Sistemas,1,0,0,1,1,0,2017-2,1.0,1
160004028,2017-2,M,2.0,5.0,N,2,G,U,1,1,4,4,0,2,15.607270193858982,1,0,0,5,1,320.0,63.0,67.0,65.0,0,1.2,0,0,1,1.2,INGENIERIA DE SISTEMAS,Sistemas,1,0,0,1,1,0,2017-2,1.0,1
160004030,2017-2,M,2.0,2.0,N,1,G,R,1,1,1,1,0,1,15.928562029635655,1,0,1,1,2,302.0,60.0,57.0,64.0,0,2.9,0,0,1,2.9,INGENIERIA DE SISTEMAS,Sistemas,1,0,0,1,0,0,,0.0,1
160004031,2017-2,M,14.0,14.0,N,3,G,U,1,12,12,12,0,3,17.62991559669524,4,0,0,1,2,306.0,63.0,62.0,62.0,0,3.9,0,1,0,3.8,INGENIERIA DE SISTEMAS,Sistemas,1,0,0,10,0,0,,0.0,1
160004032,2017-2,M,5.0,5.0,N,2,G,U,1,4,4,4,0,2,16.705882371415992,2,0,0,5,2,305.0,63.0,61.0,56.0,0,3.9,0,1,0,3.7,INGENIERIA DE SISTEMAS,Sistemas,1,0,0,14,0,0,,0.0,1
160004033,2017-2,F,11.0,12.0,N,3,G,U,0,9,10,10,0,3,16.007164201982874,3,0,0,1,2,334.0,62.0,70.0,65.0,0,3.8,0,1,0,3.9,INGENIERIA DE SISTEMAS,Sistemas,1,0,0,10,0,0,,0.0,1
160004034,2017-2,M,,5.0,N,1,G,U,1,0,4,4,0,1,16.103010946739843,2,0,0,4,1,336.0,66.0,67.0,68.0,0,3.9,0,1,0,4.0,INGENIERIA DE SISTEMAS,Sistemas,1,0,0,11,0,0,,0.0,1
160004035,2017-2,M,8.0,12.0,S,3,G,U,1,6,10,10,1,3,16.635078341029764,1,0,0,1,1,296.0,65.0,62.0,61.0,0,3.2,1,0,1,2.0,INGENIERIA DE SISTEMAS,Sistemas,1,0,0,1,1,0,2019-2,1.0,1
160004036,2017-2,M,5.0,5.0,S,2,G,U,1,4,4,4,1,2,16.03362660314579,0,0,0,1,1,316.0,67.0,58.0,61.0,0,3.2,1,0,0,3.6,INGENIERIA DE SISTEMAS,Sistemas,1,0,0,0,0,0,,,0
160004037,2017-2,F,12.0,12.0,N,3,P,U,0,10,10,10,0,3,17.505826654612957,0,1,0,1,1,310.0,59.0,66.0,62.0,0,0.9,0,0,1,0.9,INGENIERIA DE SISTEMAS,Sistemas,1,0,0,1,1,0,2017-2,1.0,1
160004038,2017-2,M,14.0,12.0,N,4,G,U,1,12,10,12,0,4,17.30642678976724,0,0,0,2,1,335.0,64.0,56.0,72.0,0,4.0,0,0,0,3.2,INGENIERIA DE SISTEMAS,Sistemas,1,0,0,6,0,0,,0.0,1
160004039,2017-2,M,14.0,7.0,N,3,G,U,1,12,5,12,0,3,17.214228568524558,0,0,0,2,2,309.0,63.0,60.0,63.0,0,3.2,1,0,0,3.4,INGENIERIA DE SISTEMAS,Sistemas,1,0,0,0,0,0,,,0
160004040,2017-2,M,,4.0,N,1,G,R,1,0,3,3,0,1,15.250595321348806,2,0,1,5,3,300.0,63.0,60.0,60.0,0,4.3,0,1,0,4.2,INGENIERIA DE SISTEMAS,Sistemas,1,0,0,10,0,0,,0.0,1
160004041,2017-2,F,10.0,14.0,N,2,G,U,0,8,12,12,0,2,16.584051662139046,0,0,0,1,2,335.0,66.0,67.0,65.0,0,3.7,0,1,0,3.9,INGENIERIA DE SISTEMAS,Sistemas,1,0,0,10,0,0,,0.0,1
160004042,2017-2,M,5.0,5.0,N,1,G,U,1,4,4,4,0,1,15.949440403299384,2,0,0,1,3,295.0,62.0,57.0,58.0,0,3.2,1,0,0,4.4,INGENIERIA DE SISTEMAS,Sistemas,1,0,0,0,0,0,,,0
160004043,2017-2,M,12.0,,N,1,G,R,1,10,0,10,0,1,15.928563480057516,0,0,1,1,3,262.0,60.0,56.0,56.0,0,3.9,0,1,0,3.8,INGENIERIA DE SISTEMAS,Sistemas,1,0,0,11,0,0,,0.0,1
160004044,2017-2,F,5.0,4.0,N,2,G,U,0,4,3,4,0,2,16.615228008419557,4,0,0,1,1,326.0,66.0,69.0,66.0,0,3.4,0,0,1,2.7,INGENIERIA DE SISTEMAS,Sistemas,1,0,0,3,0,0,,0.0,1
160004045,2017-2,M,5.0,4.0,N,2,G,R,1,4,3,4,0,2,15.859570617204021,1,0,1,1,2,386.0,65.0,100.0,73.0,0,3.3,0,0,1,2.3,INGENIERIA DE SISTEMAS,Sistemas,1,0,0,2,0,0,,0.0,1
160004046,2017-2,M,4.0,5.0,N,1,G,U,1,3,4,4,0,1,16.012735246411598,1,0,0,5,2,301.0,67.0,58.0,60.0,0,2.9,0,0,1,2.3,INGENIERIA DE SISTEMAS,Sistemas,1,0,0,3,0,0,,0.0,1
160004047,2017-2,M,14.0,10.0,N,4,P,U,1,12,8,12,0,4,15.928563480057516,0,1,0,1,2,299.0,58.0,54.0,61.0,0,3.5,0,0,1,2.6,INGENIERIA DE SISTEMAS,Sistemas,1,0,0,4,0,0,,0.0,1
160004048,2017-2,M,5.0,8.0,N,3,G,U,1,4,6,6,0,3,15.943742382861155,1,0,0,2,1,289.0,64.0,57.0,59.0,0,3.5,0,0,1,2.8,INGENIERIA DE SISTEMAS,Sistemas,1,0,0,2,0,0,,0.0,1
160004049,2017-2,M,,4.0,N,1,G,U,1,0,3,3,0,1,15.928563480057516,2,0,0,2,1,290.0,60.0,58.0,60.0,0,4.1,0,1,0,3.7,INGENIERIA DE SISTEMAS,Sistemas,1,0,0,12,0,0,,0.0,1
160004050,2017-2,M,8.0,8.0,S,4,G,U,1,6,6,6,1,4,16.48273883399067,2,0,0,1,1,294.0,60.0,59.0,55.0,0,3.8,0,1,0,3.4,INGENIERIA DE SISTEMAS,Sistemas,1,0,0,12,0,0,,0.0,1
160004052,2017-2,F,8.0,12.0,N,3,G,U,0,6,10,10,0,3,16.689030055282224,1,0,0,1,2,287.0,64.0,52.0,61.0,0,3.2,1,0,0,3.7,INGENIERIA DE SISTEMAS,Sistemas,1,0,0,0,0,0,,,0
161004001,2017-2,M,,,S,3,G,U,1,0,0,0,1,3,16.628934614635334,0,0,0,1,2,285.0,62.0,59.0,56.0,0,3.2,1,0,0,3.2,INGENIERIA ELECTRONICA,Electrónica,0,1,0,8,0,0,,0.0,1
161004002,2017-2,M,,3.0,N,1,G,U,1,0,2,2,0,1,15.943742382861155,1,0,0,1,1,282.0,75.0,52.0,56.0,0,3.4,0,1,0,3.5,INGENIERIA ELECTRONICA,Electrónica,0,1,0,14,0,0,,0.0,1
161004003,2017-2,M,12.0,12.0,N,3,G,U,1,10,10,10,0,3,16.012735246411598,0,0,0,2,2,306.0,63.0,62.0,62.0,0,3.3,0,1,0,3.5,INGENIERIA ELECTRONICA,Electrónica,0,1,0,10,0,0,,0.0,1
161004004,2017-2,M,3.0,12.0,N,1,G,U,1,2,10,10,0,1,15.162775847566452,2,0,0,2,2,306.0,63.0,62.0,62.0,0,3.2,1,0,0,3.5,INGENIERIA ELECTRONICA,Electrónica,0,1,0,0,0,0,,,0
161004006,2017-2,M,2.0,11.0,N,3,G,U,1,1,9,9,0,3,15.929353647134382,2,0,0,1,2,289.0,63.0,46.0,65.0,0,3.3,0,0,0,3.1,INGENIERIA ELECTRONICA,Electrónica,0,1,0,4,0,0,,0.0,1
161004007,2017-2,M,5.0,5.0,S,2,G,U,1,4,4,4,1,2,15.607270193858982,3,0,0,1,1,322.0,68.0,58.0,62.0,0,3.6,0,1,0,3.6,INGENIERIA ELECTRONICA,Electrónica,0,1,0,13,0,0,,0.0,1
161004008,2017-2,M,2.0,4.0,N,2,G,U,1,1,3,3,0,2,16.012735246411598,0,0,0,1,2,310.0,67.0,57.0,62.0,0,3.2,1,0,1,2.4,INGENIERIA ELECTRONICA,Electrónica,0,1,0,2,1,0,2020-1,1.0,1
161004009,2017-2,M,,12.0,N,3,P,U,1,0,10,10,0,3,15.904662055074768,3,1,0,2,1,296.0,59.0,56.0,65.0,0,3.2,1,1,0,3.9,INGENIERIA ELECTRONICA,Electrónica,0,1,0,5,0,0,,0.0,1
161004010,2017-2,M,,4.0,S,1,G,U,1,0,3,3,1,1,15.830413711839864,1,0,0,2,1,297.0,63.0,66.0,51.0,0,3.3,0,1,0,3.7,INGENIERIA ELECTRONICA,Electrónica,0,1,0,11,0,0,,0.0,1
161004011,2017-2,M,3.0,3.0,N,1,G,R,1,2,2,2,0,1,15.943742382861155,1,0,1,2,2,295.0,58.0,63.0,58.0,0,3.2,1,0,0,3.6,INGENIERIA ELECTRONICA,Electrónica,0,1,0,0,0,0,,,0
161004012,2017-2,M,8.0,2.0,S,2,G,U,1,6,1,6,1,2,15.928562029635655,0,0,0,1,1,362.0,89.0,65.0,78.0,0,3.2,1,0,0,3.1,INGENIERIA ELECTRONICA,Electrónica,0,1,0,7,0,0,,0.0,1
161004013,2017-2,M,12.0,12.0,S,5,G,U,1,10,10,10,1,5,17.208339723569356,0,0,0,1,2,315.0,60.0,68.0,59.0,0,3.6,0,0,1,2.9,INGENIERIA ELECTRONICA,Electrónica,0,1,0,3,0,0,,0.0,1
161004015,2017-2,M,4.0,4.0,S,2,G,U,1,3,3,3,1,2,16.300417291085605,0,0,0,1,1,306.0,63.0,62.0,62.0,0,0.4,0,0,1,0.4,INGENIERIA ELECTRONICA,Electrónica,0,1,0,1,1,0,2017-2,1.0,1
161004016,2017-2,M,5.0,3.0,S,1,G,U,1,4,2,4,1,1,15.997057435448074,2,0,0,1,1,330.0,67.0,59.0,66.0,0,3.2,1,0,0,3.8,INGENIERIA ELECTRONICA,Electrónica,0,1,0,0,0,0,,,0
161004017,2017-2,M,2.0,8.0,N,1,G,U,1,1,6,6,0,1,16.48273883399067,2,0,0,2,2,306.0,63.0,62.0,62.0,0,0.4,0,0,1,0.4,INGENIERIA ELECTRONICA,Electrónica,0,1,0,1,1,0,2017-2,1.0,1
161004018,2017-2,M,,12.0,N,5,G,U,1,0,10,10,0,5,16.23464601607734,0,0,0,2,1,280.0,52.0,58.0,54.0,0,3.5,0,1,0,3.7,INGENIERIA ELECTRONICA,Electrónica,0,1,0,12,0,0,,0.0,1
161004020,2017-2,F,5.0,8.0,N,1,G,R,0,4,6,6,0,1,15.999312227580958,2,0,1,2,3,321.0,63.0,61.0,65.0,0,3.2,1,0,0,3.7,INGENIERIA ELECTRONICA,Electrónica,0,1,0,0,0,0,,,0
161004021,2017-2,M,12.0,12.0,N,3,G,U,1,10,10,10,0,3,16.69926278838444,0,0,0,1,2,287.0,62.0,54.0,58.0,0,3.2,0,0,0,3.0,INGENIERIA ELECTRONICA,Electrónica,0,1,0,3,0,0,,0.0,1
161004022,2017-2,M,,5.0,N,2,G,U,1,0,4,4,0,2,15.646490900602007,2,0,0,2,1,298.0,68.0,53.0,64.0,0,3.2,1,0,0,3.8,INGENIERIA ELECTRONICA,Electrónica,0,1,0,0,0,0,,,0
161004023,2017-2,M,12.0,5.0,N,3,P,U,1,10,4,10,0,3,16.195056784687036,0,1,0,1,1,302.0,57.0,62.0,57.0,0,3.2,1,1,0,3.9,INGENIERIA ELECTRONICA,Electrónica,0,1,0,5,0,0,,0.0,1
161004024,2017-2,M,5.0,5.0,N,1,P,U,1,4,4,4,0,1,16.02565147025224,2,1,0,1,3,306.0,63.0,62.0,62.0,0,3.2,1,0,0,4.1,INGENIERIA ELECTRONICA,Electrónica,0,1,0,0,0,0,,,0
161004025,2017-2,M,8.0,10.0,N,1,G,U,1,6,8,8,0,1,15.928562029635655,1,0,0,2,1,290.0,62.0,62.0,57.0,0,3.2,1,0,1,2.4,INGENIERIA ELECTRONICA,Electrónica,0,1,0,1,1,0,2019-2,1.0,1
161004026,2017-2,M,8.0,5.0,N,2,G,U,1,6,4,6,0,2,17.08866708447209,0,0,0,2,2,297.0,54.0,63.0,61.0,0,2.7,0,0,1,2.0,INGENIERIA ELECTRONICA,Electrónica,0,1,0,3,1,0,2019-2,1.0,1
161004027,2017-2,M,14.0,14.0,N,3,G,R,1,12,12,12,0,3,15.319588176962746,2,0,1,2,2,335.0,79.0,62.0,69.0,0,4.7,0,1,0,4.4,INGENIERIA ELECTRONICA,Electrónica,0,1,0,9,0,0,,0.0,1
161004029,2017-2,M,2.0,2.0,N,2,G,U,1,1,1,1,0,2,16.069104651622855,2,0,0,1,2,279.0,60.0,64.0,59.0,0,3.2,1,0,0,3.4,INGENIERIA ELECTRONICA,Electrónica,0,1,0,4,1,0,2024-1,1.0,1
161004030,2017-2,M,,8.0,S,2,P,U,1,0,6,6,1,2,15.573368647930426,0,1,0,1,1,306.0,63.0,62.0,62.0,0,3.2,1,0,0,4.1,INGENIERIA ELECTRONICA,Electrónica,0,1,0,0,0,0,,,0
161004031,2017-2,M,2.0,8.0,N,1,G,U,1,1,6,6,0,1,15.176487367510099,1,0,0,2,2,289.0,56.0,63.0,55.0,0,3.2,1,0,0,3.6,INGENIERIA ELECTRONICA,Electrónica,0,1,0,0,0,0,,,0
161004033,2017-2,M,5.0,,N,1,G,U,1,4,0,4,0,1,16.077273760604726,1,0,0,1,2,308.0,59.0,62.0,64.0,0,3.2,0,1,0,3.6,INGENIERIA ELECTRONICA,Electrónica,0,1,0,12,0,0,,0.0,1
161004034,2017-2,M,4.0,5.0,S,1,G,U,1,3,4,4,1,1,15.928507879047448,0,0,0,2,2,329.0,63.0,73.0,67.0,0,3.2,1,0,0,3.4,INGENIERIA ELECTRONICA,Electrónica,0,1,0,0,0,0,,,0
161004035,2017-2,M,5.0,5.0,S,2,G,U,1,4,4,4,1,2,16.077273760604726,0,0,0,1,1,292.0,57.0,59.0,65.0,0,3.2,1,0,0,3.7,INGENIERIA ELECTRONICA,Electrónica,0,1,0,0,0,0,,,0
161004036,2017-2,M,14.0,8.0,N,3,G,U,1,12,6,12,0,3,17.214228568524558,0,0,0,2,2,289.0,57.0,57.0,62.0,0,3.4,0,1,0,3.6,INGENIERIA ELECTRONICA,Electrónica,0,1,0,12,0,0,,0.0,1
161004038,2017-2,M,4.0,3.0,N,1,G,U,1,3,2,3,0,1,15.943742382861155,1,0,0,1,2,308.0,67.0,58.0,57.0,0,3.2,1,0,0,3.8,INGENIERIA ELECTRONICA,Electrónica,0,1,0,0,0,0,,,0
161004039,2017-2,M,7.0,11.0,N,3,P,U,1,5,9,9,0,3,15.939089551955083,3,1,0,1,3,318.0,70.0,57.0,54.0,0,3.2,0,0,1,2.4,INGENIERIA ELECTRONICA,Electrónica,0,1,0,3,0,0,,0.0,1
161004040,2017-2,M,12.0,5.0,N,3,P,U,1,10,4,10,0,3,17.399029524198163,2,1,0,1,2,300.0,59.0,65.0,60.0,0,0.8,0,0,1,0.8,INGENIERIA ELECTRONICA,Electrónica,0,1,0,1,1,0,2017-2,1.0,1
161004041,2017-2,M,5.0,5.0,N,3,G,U,1,4,4,4,0,3,15.607270193858982,1,0,0,1,2,310.0,60.0,63.0,66.0,0,3.7,0,1,0,3.7,INGENIERIA ELECTRONICA,Electrónica,0,1,0,11,0,0,,0.0,1
161004043,2017-2,M,,2.0,N,1,G,U,1,0,1,1,0,1,15.38412668421143,1,0,0,1,1,338.0,67.0,62.0,66.0,0,3.2,1,0,0,3.1,INGENIERIA ELECTRONICA,Electrónica,0,1,0,6,0,0,,0.0,1
161004044,2017-2,M,8.0,10.0,N,3,G,U,1,6,8,8,0,3,16.91693533706135,0,0,0,1,1,281.0,55.0,57.0,60.0,0,3.2,0,0,1,2.6,INGENIERIA ELECTRONICA,Electrónica,0,1,0,3,0,0,,0.0,1
161004045,2017-2,M,14.0,14.0,S,3,P,U,1,12,12,12,1,3,17.222729341213117,0,1,0,1,2,275.0,63.0,51.0,50.0,0,3.2,1,0,0,4.1,INGENIERIA ELECTRONICA,Electrónica,0,1,0,0,0,0,,,0
161004046,2017-2,M,,5.0,N,2,G,U,1,0,4,4,0,2,16.118095750958314,1,0,0,2,1,271.0,62.0,52.0,57.0,0,1.1,0,0,1,1.1,INGENIERIA ELECTRONICA,Electrónica,0,1,0,1,1,0,2017-2,1.0,1
161004047,2017-2,M,,5.0,S,2,G,U,1,0,4,4,1,2,16.103083632350348,2,0,0,5,1,267.0,60.0,60.0,54.0,0,3.2,1,0,0,3.6,INGENIERIA ELECTRONICA,Electrónica,0,1,0,1,0,0,,0.0,1
161004048,2017-2,F,12.0,12.0,N,1,G,U,0,10,10,10,0,1,16.48273883399067,1,0,0,2,1,287.0,53.0,61.0,56.0,0,3.2,1,0,0,4.0,INGENIERIA ELECTRONICA,Electrónica,0,1,0,0,0,0,,,0
161004049,2017-2,M,8.0,10.0,N,1,G,U,1,6,8,8,0,1,15.929353647134382,1,0,0,1,2,277.0,54.0,58.0,57.0,0,2.2,0,0,1,2.2,INGENIERIA ELECTRONICA,Electrónica,0,1,0,1,0,0,,0.0,1
161004050,2017-2,M,5.0,8.0,N,2,G,U,1,4,6,6,0,2,15.999312227580958,0,0,0,2,2,274.0,54.0,53.0,56.0,0,3.2,1,1,0,3.8,INGENIERIA ELECTRONICA,Electrónica,0,1,0,5,0,0,,0.0,1
161004051,2017-2,M,2.0,2.0,N,2,G,U,1,1,1,1,0,2,16.097893045681612,1,0,0,1,2,284.0,58.0,56.0,57.0,0,3.2,1,0,1,2.6,INGENIERIA ELECTRONICA,Electrónica,0,1,0,2,0,0,,0.0,1
161004054,2017-2,M,8.0,7.0,S,3,G,U,1,6,5,6,1,3,16.077273760604726,0,0,0,5,1,306.0,63.0,62.0,62.0,0,1.1,0,0,1,1.1,INGENIERIA ELECTRONICA,Electrónica,0,1,0,1,1,0,2017-2,1.0,1
161004055,2017-2,M,4.0,2.0,S,1,G,U,1,3,1,3,1,1,16.48273883399067,1,0,0,1,1,265.0,59.0,55.0,58.0,0,3.4,0,1,0,3.6,INGENIERIA ELECTRONICA,Electrónica,0,1,0,13,0,0,,0.0,1
164004100,2018-1,F,2.0,4.0,N,1,G,U,0,1,3,3,0,1,15.789591722875162,2,0,0,2,2,317.0,54.0,68.0,68.0,1,3.5,0,1,0,3.9,BIOLOGIA,Biología,0,0,1,10,0,0,,0.0,1
164004101,2018-1,F,12.0,14.0,N,3,P,U,0,10,12,12,0,3,16.705882371415992,0,1,0,5,1,275.0,51.0,59.0,54.0,1,3.2,0,0,0,3.7,BIOLOGIA,Biología,0,0,1,14,0,0,,0.0,1
164004102,2018-1,F,5.0,5.0,N,3,G,U,0,4,4,4,0,3,16.310433625530564,2,0,0,1,2,279.0,66.0,59.0,59.0,1,3.2,0,0,0,3.0,BIOLOGIA,Biología,0,0,1,3,0,0,,0.0,1
164004103,2018-1,M,14.0,14.0,S,3,P,U,1,12,12,12,1,3,17.15074942410721,0,1,0,2,2,326.0,68.0,71.0,59.0,1,0.1,0,0,1,0.1,BIOLOGIA,Biología,0,0,1,1,1,0,2018-1,1.0,1
164004104,2018-1,F,11.0,11.0,N,3,G,U,0,9,9,9,0,3,15.38412668421143,0,0,0,1,2,294.0,57.0,59.0,59.0,1,3.0,0,0,1,2.8,BIOLOGIA,Biología,0,0,1,4,0,0,,0.0,1
164004105,2018-1,F,5.0,5.0,N,2,G,U,0,4,4,4,0,2,16.886943866216615,4,0,0,2,2,294.0,57.0,61.0,62.0,1,3.0,0,0,1,2.8,BIOLOGIA,Biología,0,0,1,3,0,0,,0.0,1
164004106,2018-1,F,11.0,12.0,N,2,P,U,0,9,10,10,0,2,15.943742382861155,0,1,0,2,2,0.0,0.0,0.0,0.0,1,3.3,0,0,0,3.0,BIOLOGIA,Biología,0,0,1,4,0,0,,0.0,1
164004107,2018-1,M,,12.0,N,2,G,U,1,0,10,10,0,2,15.607270193858982,2,0,0,2,1,282.0,65.0,53.0,60.0,1,3.0,0,0,1,2.3,BIOLOGIA,Biología,0,0,1,2,0,0,,0.0,1
164004108,2018-1,M,10.0,8.0,N,2,G,U,1,8,6,8,0,2,16.152613109591034,2,0,0,1,1,276.0,60.0,55.0,61.0,1,3.1,0,0,1,2.8,BIOLOGIA,Biología,0,0,1,2,0,0,,0.0,1
164004109,2018-1,F,,10.0,N,2,G,U,0,0,8,8,0,2,15.607270193858982,1,0,0,1,3,314.0,60.0,64.0,61.0,1,2.2,0,0,1,2.2,BIOLOGIA,Biología,0,0,1,1,0,0,,0.0,1
164004110,2018-1,F,3.0,3.0,N,1,G,U,0,2,2,2,0,1,15.56644820628317,2,0,0,2,2,293.0,49.0,60.0,50.0,1,3.1,0,0,0,3.3,BIOLOGIA,Biología,0,0,1,15,0,0,,0.0,1
164004112,2018-1,M,7.0,8.0,N,2,G,U,1,5,6,6,0,2,15.996222323954052,1,0,0,1,1,298.0,56.0,62.0,71.0,1,2.9,0,0,0,3.5,BIOLOGIA,Biología,0,0,1,12,0,0,,0.0,1
164004113,2018-1,F,,8.0,S,1,G,U,0,0,6,6,1,1,15.789591722875162,1,0,0,2,1,301.0,64.0,58.0,60.0,1,3.8,0,0,0,3.7,BIOLOGIA,Biología,0,0,1,10,0,0,,0.0,1
164004114,2018-1,F,,12.0,S,1,G,R,0,0,10,10,1,1,17.707738956464077,3,0,1,2,1,275.0,61.0,56.0,52.0,1,1.9,0,0,1,1.9,BIOLOGIA,Biología,0,0,1,1,0,0,,0.0,1
164004115,2018-1,M,3.0,,N,2,G,U,1,2,0,2,0,2,15.767118870179669,2,0,0,1,2,308.0,62.0,64.0,67.0,1,3.0,0,0,1,2.9,BIOLOGIA,Biología,0,0,1,3,0,0,,0.0,1
164004116,2018-1,F,4.0,8.0,N,3,G,U,0,3,6,6,0,3,16.077273760604726,2,0,0,2,1,289.0,52.0,56.0,66.0,1,3.0,0,0,0,3.5,BIOLOGIA,Biología,0,0,1,14,0,0,,0.0,1
164004117,2018-1,F,5.0,12.0,N,2,G,U,0,4,10,10,0,2,15.991930999995882,2,0,0,2,1,300.0,55.0,58.0,58.0,1,2.8,0,0,1,2.0,BIOLOGIA,Biología,0,0,1,2,1,0,2018-2,1.0,1
164004118,2018-1,F,2.0,14.0,N,3,G,U,0,1,12,12,0,3,17.181426160012176,0,0,0,1,1,325.0,65.0,62.0,65.0,1,3.4,0,0,0,3.2,BIOLOGIA,Biología,0,0,1,3,0,0,,0.0,1
164004119,2018-1,M,12.0,12.0,S,3,G,U,1,10,10,10,1,3,16.99950392263709,0,0,0,2,1,297.0,57.0,60.0,57.0,1,2.7,0,0,1,2.7,BIOLOGIA,Biología,0,0,1,1,0,0,,0.0,1
164004120,2018-1,F,5.0,8.0,N,2,G,U,0,4,6,6,0,2,16.830387644462803,2,0,0,2,1,302.0,58.0,63.0,50.0,1,2.6,0,0,1,2.9,BIOLOGIA,Biología,0,0,1,3,0,0,,0.0,1
164004122,2018-1,F,2.0,3.0,N,1,G,R,0,1,2,2,0,1,15.943742382861155,3,0,1,5,1,293.0,56.0,65.0,62.0,1,3.2,0,0,0,3.2,BIOLOGIA,Biología,0,0,1,1,0,0,,0.0,1
164004123,2018-1,F,12.0,12.0,N,3,G,U,0,10,10,10,0,3,15.92303104530192,1,0,0,1,2,281.0,54.0,55.0,55.0,1,2.9,0,0,1,2.7,BIOLOGIA,Biología,0,0,1,2,0,0,,0.0,1
164004124,2018-1,M,5.0,12.0,N,3,P,U,1,4,10,10,0,3,17.136763388246518,0,1,0,2,1,351.0,79.0,64.0,70.0,1,3.4,0,0,0,3.1,BIOLOGIA,Biología,0,0,1,3,0,0,,0.0,1
164004125,2018-1,F,5.0,,N,1,G,R,0,4,0,4,0,1,15.929353647134382,0,0,1,1,3,287.0,54.0,62.0,64.0,1,2.5,0,0,1,2.5,BIOLOGIA,Biología,0,0,1,1,0,0,,0.0,1
164004126,2018-1,F,12.0,11.0,N,2,P,U,0,10,9,10,0,2,16.53961020820183,3,1,0,1,1,301.0,59.0,65.0,58.0,1,3.2,0,0,0,3.4,BIOLOGIA,Biología,0,0,1,14,0,0,,0.0,1
164004127,2018-1,M,,10.0,N,3,P,U,1,0,8,8,0,3,16.077273760604726,0,1,0,1,1,298.0,50.0,68.0,54.0,1,2.0,0,0,1,2.0,BIOLOGIA,Biología,0,0,1,1,1,0,2018-1,1.0,1
164004128,2018-1,F,,8.0,S,3,G,U,0,0,6,6,1,3,16.756195182563577,3,0,0,2,1,313.0,64.0,63.0,66.0,1,2.9,0,0,1,2.8,BIOLOGIA,Biología,0,0,1,2,0,0,,0.0,1
164004130,2018-1,F,,4.0,N,3,G,U,0,0,3,3,0,3,15.789591722875162,2,0,0,2,3,305.0,67.0,56.0,66.0,1,3.7,0,0,0,3.7,BIOLOGIA,Biología,0,0,1,1,0,0,,0.0,1
164004131,2018-1,F,5.0,12.0,S,1,G,R,0,4,10,10,1,1,16.41820031748273,1,0,1,1,2,277.0,58.0,56.0,56.0,1,2.5,0,0,1,2.8,BIOLOGIA,Biología,0,0,1,3,0,0,,0.0,1
164004132,2018-1,F,3.0,4.0,N,2,G,U,0,2,3,3,0,2,15.38412668421143,0,0,0,1,1,308.0,68.0,56.0,67.0,1,3.7,0,0,0,3.8,BIOLOGIA,Biología,0,0,1,11,0,0,,0.0,1
164004133,2018-1,M,5.0,12.0,S,2,G,U,1,4,10,10,1,2,16.29446628608956,0,0,0,1,1,366.0,65.0,74.0,71.0,1,2.9,0,0,1,2.7,BIOLOGIA,Biología,0,0,1,3,0,0,,0.0,1
164004134,2018-1,F,3.0,5.0,N,1,G,U,0,2,4,4,0,1,16.077273760604726,0,0,0,1,2,329.0,74.0,62.0,66.0,1,4.0,0,1,0,4.0,BIOLOGIA,Biología,0,0,1,9,0,0,,0.0,1
164004135,2018-1,F,,10.0,N,2,G,U,0,0,8,8,0,2,16.320644663096893,2,0,0,2,1,309.0,62.0,63.0,65.0,1,2.8,0,0,0,3.3,BIOLOGIA,Biología,0,0,1,14,0,0,,0.0,1
164004136,2018-1,F,3.0,12.0,N,3,G,U,0,2,10,10,0,3,15.957927016176384,0,0,0,1,2,326.0,57.0,62.0,64.0,1,1.8,0,0,1,1.8,BIOLOGIA,Biología,0,0,1,1,0,0,,0.0,1
164004138,2018-1,F,8.0,4.0,S,1,G,U,0,6,3,6,1,1,15.928628746864014,3,0,0,2,1,251.0,50.0,48.0,48.0,1,2.5,0,0,1,2.5,BIOLOGIA,Biología,0,0,1,1,0,0,,0.0,1
164004139,2018-1,M,5.0,3.0,N,2,G,U,1,4,2,4,0,2,15.928628746864014,1,0,0,1,2,329.0,69.0,66.0,64.0,1,3.2,0,0,1,2.9,BIOLOGIA,Biología,0,0,1,4,0,0,,0.0,1
164004140,2018-1,M,12.0,12.0,N,4,P,U,1,10,10,10,0,4,16.578049007481866,0,1,0,1,2,0.0,0.0,0.0,0.0,1,2.6,0,0,1,2.6,BIOLOGIA,Biología,0,0,1,3,0,0,,0.0,1
164004141,2018-1,F,5.0,5.0,S,1,G,U,0,4,4,4,1,1,15.56644820628317,1,0,0,5,2,223.0,48.0,45.0,50.0,1,2.7,0,0,1,2.7,BIOLOGIA,Biología,0,0,1,2,0,0,,0.0,1
164004142,2018-1,M,,12.0,S,2,G,R,1,0,10,10,1,2,16.48273883399067,2,0,1,1,1,253.0,42.0,55.0,52.0,1,2.8,0,0,1,2.2,BIOLOGIA,Biología,0,0,1,2,0,0,,0.0,1
164004143,2018-1,F,5.0,5.0,N,2,G,U,0,4,4,4,0,2,15.943742382861155,2,0,0,2,1,212.0,43.0,49.0,51.0,1,3.1,0,0,0,3.5,BIOLOGIA,Biología,0,0,1,12,0,0,,0.0,1
164004144,2018-1,F,,3.0,N,3,G,U,0,0,2,2,0,3,16.390067841892247,3,0,0,1,1,0.0,0.0,0.0,0.0,1,1.2,0,0,1,1.2,BIOLOGIA,Biología,0,0,1,1,1,0,2018-1,1.0,1
164004145,2018-1,M,4.0,4.0,S,1,G,U,1,3,3,3,1,1,15.996222323954052,1,0,0,1,1,250.0,50.0,56.0,52.0,1,3.0,0,0,1,2.4,BIOLOGIA,Biología,0,0,1,2,1,0,2018-2,1.0,1
164004146,2018-1,M,2.0,4.0,N,1,G,U,1,1,3,3,0,1,15.684231222649434,1,0,0,1,1,248.0,46.0,48.0,52.0,1,3.1,0,0,1,2.4,BIOLOGIA,Biología,0,0,1,2,1,0,2018-2,1.0,1
164004147,2018-1,F,,5.0,N,2,G,U,0,0,4,4,0,2,16.042509771853315,2,0,0,2,1,251.0,54.0,56.0,54.0,1,3.2,0,0,1,2.7,BIOLOGIA,Biología,0,0,1,3,0,0,,0.0,1
164004148,2018-1,M,8.0,12.0,S,1,G,U,1,6,10,10,1,1,16.903521876617294,2,0,0,4,1,232.0,55.0,53.0,38.0,1,2.8,0,0,1,2.8,BIOLOGIA,Biología,0,0,1,15,0,0,,0.0,1
160004100,2018-1,M,12.0,12.0,N,2,G,U,1,10,10,10,0,2,16.8052779770925,0,0,0,4,2,326.0,63.0,63.0,67.0,1,2.6,0,0,1,2.6,INGENIERIA DE SISTEMAS,Sistemas,1,0,0,1,0,0,,0.0,1
160004101,2018-1,M,1.0,12.0,S,1,G,U,1,0,10,10,1,1,17.188664231716263,2,0,0,2,1,325.0,68.0,63.0,66.0,1,2.2,0,0,1,2.2,INGENIERIA DE SISTEMAS,Sistemas,1,0,0,1,0,0,,0.0,1
160004102,2018-1,M,12.0,5.0,S,2,G,R,1,10,4,10,1,2,15.567709909781271,0,0,1,5,1,322.0,61.0,63.0,63.0,1,0.8,0,0,1,0.8,INGENIERIA DE SISTEMAS,Sistemas,1,0,0,1,1,0,2018-1,1.0,1
160004103,2018-1,M,5.0,12.0,N,1,G,R,1,4,10,10,0,1,15.943742382861155,1,0,1,1,2,319.0,69.0,62.0,64.0,1,3.4,0,1,0,3.9,INGENIERIA DE SISTEMAS,Sistemas,1,0,0,10,0,0,,0.0,1
160004104,2018-1,M,,12.0,N,1,G,U,1,0,10,10,0,1,16.077273760604726,1,0,0,1,1,324.0,67.0,65.0,61.0,1,3.2,1,1,0,3.7,INGENIERIA DE SISTEMAS,Sistemas,1,0,0,8,0,0,,0.0,1
160004105,2018-1,M,,4.0,N,2,G,R,1,0,3,3,0,2,15.38412668421143,1,0,1,1,1,332.0,71.0,69.0,68.0,1,2.4,0,0,1,2.4,INGENIERIA DE SISTEMAS,Sistemas,1,0,0,1,0,0,,0.0,1
160004106,2018-1,F,3.0,5.0,N,1,G,U,0,2,4,4,0,1,15.929353647134382,2,0,0,2,1,338.0,68.0,67.0,68.0,1,4.6,0,1,0,4.0,INGENIERIA DE SISTEMAS,Sistemas,1,0,0,10,0,0,,0.0,1
160004107,2018-1,M,,3.0,N,1,G,U,1,0,2,2,0,1,15.929353647134382,2,0,0,2,1,320.0,64.0,72.0,62.0,1,3.2,0,1,0,3.7,INGENIERIA DE SISTEMAS,Sistemas,1,0,0,12,0,0,,0.0,1
160004108,2018-1,M,12.0,12.0,N,1,G,R,1,10,10,10,0,1,16.077273760604726,0,0,1,1,2,344.0,72.0,64.0,66.0,1,4.0,0,1,0,3.8,INGENIERIA DE SISTEMAS,Sistemas,1,0,0,10,0,0,,0.0,1
160004109,2018-1,F,2.0,4.0,N,1,G,R,0,1,3,3,0,1,15.929353647134382,1,0,1,3,2,324.0,77.0,66.0,67.0,1,3.7,0,1,0,3.7,INGENIERIA DE SISTEMAS,Sistemas,1,0,0,11,0,0,,0.0,1
160004110,2018-1,M,2.0,5.0,N,1,G,R,1,1,4,4,0,1,15.928563480057516,1,0,1,1,1,311.0,62.0,63.0,71.0,1,2.5,0,0,1,2.9,INGENIERIA DE SISTEMAS,Sistemas,1,0,0,2,0,0,,0.0,1
160004111,2018-1,F,5.0,8.0,N,2,G,R,0,4,6,6,0,2,15.996154093121891,3,0,1,3,2,313.0,71.0,62.0,54.0,1,4.1,0,1,0,3.7,INGENIERIA DE SISTEMAS,Sistemas,1,0,0,11,0,0,,0.0,1
160004112,2018-1,F,4.0,5.0,S,3,P,U,0,3,4,4,1,3,15.70614339674399,0,1,0,1,1,320.0,69.0,61.0,68.0,1,3.2,0,1,0,3.6,INGENIERIA DE SISTEMAS,Sistemas,1,0,0,12,0,0,,0.0,1
160004113,2018-1,M,,12.0,N,3,P,U,1,0,10,10,0,3,15.943742382861155,0,1,0,2,3,367.0,75.0,73.0,70.0,1,3.2,1,0,1,2.9,INGENIERIA DE SISTEMAS,Sistemas,1,0,0,1,1,0,2019-2,1.0,1
160004114,2018-1,M,12.0,2.0,N,1,G,R,1,10,1,10,0,1,15.38412668421143,0,0,1,2,1,312.0,56.0,74.0,63.0,1,2.3,0,0,1,2.5,INGENIERIA DE SISTEMAS,Sistemas,1,0,0,3,0,0,,0.0,1
160004115,2018-1,M,5.0,5.0,S,2,G,U,1,4,4,4,1,2,16.309542198105653,0,0,0,2,1,340.0,65.0,72.0,70.0,1,1.2,0,0,1,1.2,INGENIERIA DE SISTEMAS,Sistemas,1,0,0,1,1,0,2018-1,1.0,1
160004116,2018-1,M,,,N,3,G,U,1,0,0,0,0,3,17.60717042463077,0,0,0,5,1,387.0,89.0,67.0,67.0,1,3.6,0,0,1,2.8,INGENIERIA DE SISTEMAS,Sistemas,1,0,0,8,1,0,2022-2,1.0,1
160004117,2018-1,M,5.0,11.0,N,1,G,U,1,4,9,9,0,1,16.074937701050803,0,0,0,1,2,326.0,66.0,70.0,60.0,1,3.7,0,1,0,3.9,INGENIERIA DE SISTEMAS,Sistemas,1,0,0,10,0,0,,0.0,1
160004118,2018-1,M,5.0,10.0,N,2,G,R,1,4,8,8,0,2,15.607270193858982,3,0,1,1,1,314.0,62.0,58.0,67.0,1,3.5,0,1,0,3.8,INGENIERIA DE SISTEMAS,Sistemas,1,0,0,10,0,0,,0.0,1
160004119,2018-1,M,2.0,4.0,N,1,G,U,1,1,3,3,0,1,16.118095750958314,1,0,0,2,2,333.0,66.0,65.0,68.0,1,3.3,0,1,0,3.6,INGENIERIA DE SISTEMAS,Sistemas,1,0,0,12,0,0,,0.0,1
160004121,2018-1,M,14.0,12.0,N,3,P,U,1,12,10,12,0,3,15.785461120911899,0,1,0,1,1,383.0,72.0,64.0,100.0,1,4.0,0,0,0,3.5,INGENIERIA DE SISTEMAS,Sistemas,1,0,0,2,0,0,,0.0,1
160004122,2018-1,M,12.0,11.0,N,1,G,U,1,10,9,10,0,1,17.17037785198582,3,0,0,2,2,298.0,72.0,61.0,62.0,1,2.5,0,0,1,2.7,INGENIERIA DE SISTEMAS,Sistemas,1,0,0,2,0,0,,0.0,1
160004123,2018-1,M,,12.0,N,2,P,U,1,0,10,10,0,2,16.562781536322326,4,1,0,5,3,319.0,64.0,65.0,68.0,1,3.4,0,1,0,3.8,INGENIERIA DE SISTEMAS,Sistemas,1,0,0,11,0,0,,0.0,1
160004124,2018-1,M,,5.0,N,1,G,U,1,0,4,4,0,1,15.943742382861155,2,0,0,2,3,291.0,69.0,57.0,64.0,1,2.9,0,0,1,2.8,INGENIERIA DE SISTEMAS,Sistemas,1,0,0,3,0,0,,0.0,1
160004125,2018-1,M,,5.0,N,3,G,U,1,0,4,4,0,3,15.943742382861155,2,0,0,2,3,342.0,73.0,63.0,66.0,1,3.3,0,1,0,3.8,INGENIERIA DE SISTEMAS,Sistemas,1,0,0,10,0,0,,0.0,1
160004126,2018-1,M,8.0,5.0,N,1,G,U,1,6,4,6,0,1,16.077273760604726,1,0,0,1,1,313.0,69.0,58.0,65.0,1,3.2,0,1,0,3.7,INGENIERIA DE SISTEMAS,Sistemas,1,0,0,11,0,0,,0.0,1
160004127,2018-1,M,4.0,5.0,N,2,G,U,1,3,4,4,0,2,15.607270193858982,2,0,0,2,1,294.0,70.0,59.0,59.0,1,2.3,0,0,1,2.3,INGENIERIA DE SISTEMAS,Sistemas,1,0,0,1,0,0,,0.0,1
160004128,2018-1,M,2.0,8.0,N,3,G,U,1,1,6,6,0,3,17.533997381101535,1,0,0,1,2,323.0,64.0,64.0,64.0,1,3.2,0,0,1,2.8,INGENIERIA DE SISTEMAS,Sistemas,1,0,0,4,0,0,,0.0,1
160004130,2018-1,M,5.0,4.0,N,2,G,R,1,4,3,4,0,2,17.167965809303354,2,0,1,1,2,313.0,64.0,63.0,65.0,1,2.9,0,1,0,3.6,INGENIERIA DE SISTEMAS,Sistemas,1,0,0,14,0,0,,0.0,1
160004132,2018-1,M,5.0,5.0,N,2,G,U,1,4,4,4,0,2,15.943742382861155,3,0,0,1,1,332.0,70.0,60.0,61.0,1,3.8,0,1,0,3.7,INGENIERIA DE SISTEMAS,Sistemas,1,0,0,11,0,0,,0.0,1
160004133,2018-1,F,,11.0,N,2,P,U,0,0,9,9,0,2,17.954197566637493,0,1,0,2,3,350.0,66.0,67.0,75.0,1,1.1,0,0,1,1.1,INGENIERIA DE SISTEMAS,Sistemas,1,0,0,1,1,0,2018-1,1.0,1
160004134,2018-1,M,3.0,2.0,N,1,G,U,1,2,1,2,0,1,15.86963441986494,3,0,0,5,3,325.0,69.0,64.0,67.0,1,4.0,0,1,0,4.0,INGENIERIA DE SISTEMAS,Sistemas,1,0,0,10,0,0,,0.0,1
160004135,2018-1,F,12.0,14.0,N,3,P,U,0,10,12,12,0,3,17.088874605995333,0,1,0,1,2,360.0,74.0,68.0,72.0,1,3.8,0,0,1,2.7,INGENIERIA DE SISTEMAS,Sistemas,1,0,0,4,1,0,2019-2,1.0,1
160004136,2018-1,M,5.0,5.0,N,3,G,U,1,4,4,4,0,3,15.951805029328526,1,0,0,2,2,309.0,69.0,64.0,62.0,1,3.0,0,0,0,3.1,INGENIERIA DE SISTEMAS,Sistemas,1,0,0,3,0,0,,0.0,1
160004137,2018-1,M,4.0,4.0,N,1,G,U,1,3,3,3,0,1,16.300417291085605,1,0,0,1,2,316.0,65.0,59.0,70.0,1,3.2,1,1,0,3.8,INGENIERIA DE SISTEMAS,Sistemas,1,0,0,8,0,0,,0.0,1
160004139,2018-1,F,5.0,4.0,N,1,G,U,0,4,3,4,0,1,16.031666031987402,2,0,0,2,1,338.0,76.0,64.0,63.0,1,4.5,0,1,0,4.0,INGENIERIA DE SISTEMAS,Sistemas,1,0,0,10,0,0,,0.0,1
160004140,2018-1,M,12.0,12.0,S,3,P,U,1,10,10,10,1,3,16.636889503897294,0,1,0,1,2,373.0,74.0,71.0,74.0,1,3.2,0,0,0,3.1,INGENIERIA DE SISTEMAS,Sistemas,1,0,0,9,1,0,2022-2,1.0,1
160004141,2018-1,M,10.0,4.0,N,2,P,U,1,8,3,8,0,2,16.888203918950687,0,1,0,1,2,343.0,69.0,63.0,65.0,1,3.6,0,1,0,3.6,INGENIERIA DE SISTEMAS,Sistemas,1,0,0,11,0,0,,0.0,1
160004142,2018-1,M,5.0,2.0,S,1,G,U,1,4,1,4,1,1,16.651074138050888,1,0,0,2,2,323.0,69.0,64.0,66.0,1,2.5,0,0,1,2.5,INGENIERIA DE SISTEMAS,Sistemas,1,0,0,1,0,0,,0.0,1
160004143,2018-1,M,14.0,12.0,N,3,G,U,1,12,10,12,0,3,16.195056784687036,0,0,0,1,2,303.0,67.0,68.0,58.0,1,1.8,0,0,1,1.8,INGENIERIA DE SISTEMAS,Sistemas,1,0,0,1,0,0,,0.0,1
160004144,2018-1,F,14.0,12.0,N,2,G,U,0,12,10,12,0,2,16.300417291085605,0,0,0,1,2,316.0,61.0,63.0,62.0,1,1.0,0,0,1,1.0,INGENIERIA DE SISTEMAS,Sistemas,1,0,0,1,1,0,2018-1,1.0,1
160004145,2018-1,F,5.0,5.0,N,2,G,U,0,4,4,4,0,2,15.79446952855758,1,0,0,2,2,308.0,63.0,63.0,64.0,1,3.2,1,1,0,3.9,INGENIERIA DE SISTEMAS,Sistemas,1,0,0,7,0,0,,0.0,1
160004146,2018-1,M,,,N,3,P,U,1,0,0,0,0,3,17.40354708230122,0,1,0,1,2,311.0,66.0,62.0,54.0,1,3.2,1,0,0,3.6,INGENIERIA DE SISTEMAS,Sistemas,1,0,0,8,0,0,,0.0,1
160004147,2018-1,M,4.0,4.0,S,1,P,U,1,3,3,3,1,1,15.914754849489302,2,1,0,1,1,314.0,62.0,65.0,60.0,1,2.6,0,0,1,2.9,INGENIERIA DE SISTEMAS,Sistemas,1,0,0,2,0,0,,0.0,1
161004100,2018-1,M,,4.0,S,2,G,U,1,0,3,3,1,2,16.012735246411598,2,0,0,2,1,331.0,66.0,70.0,65.0,1,3.7,0,1,0,3.6,INGENIERIA ELECTRONICA,Electrónica,0,1,0,13,0,0,,0.0,1
161004101,2018-1,M,10.0,,S,1,G,U,1,8,0,8,1,1,16.429649560231788,3,0,0,1,3,321.0,67.0,62.0,70.0,1,3.2,1,0,1,2.6,INGENIERIA ELECTRONICA,Electrónica,0,1,0,1,1,0,2019-2,1.0,1
161004102,2018-1,M,5.0,10.0,N,1,G,U,1,4,8,8,0,1,16.521652272397134,2,0,0,1,3,337.0,67.0,70.0,66.0,1,3.2,1,0,0,3.2,INGENIERIA ELECTRONICA,Electrónica,0,1,0,3,0,0,,0.0,1
161004103,2018-1,M,8.0,8.0,N,3,P,U,1,6,6,6,0,3,14.914123179965662,0,1,0,1,1,365.0,76.0,78.0,70.0,1,3.6,0,0,1,2.6,INGENIERIA ELECTRONICA,Electrónica,0,1,0,3,0,0,,0.0,1
161004104,2018-1,M,5.0,8.0,N,2,G,U,1,4,6,6,0,2,17.418777683236886,1,0,0,2,2,359.0,67.0,75.0,68.0,1,3.8,0,0,0,3.8,INGENIERIA ELECTRONICA,Electrónica,0,1,0,13,0,0,,0.0,1
161004105,2018-1,M,4.0,11.0,S,1,G,U,1,3,9,9,1,1,16.300417291085605,1,0,0,2,1,300.0,65.0,55.0,58.0,1,2.5,0,0,1,2.9,INGENIERIA ELECTRONICA,Electrónica,0,1,0,2,0,0,,0.0,1
161004106,2018-1,M,10.0,5.0,N,3,G,U,1,8,4,8,0,3,16.80587851928805,2,0,0,1,2,334.0,73.0,63.0,66.0,1,3.8,0,1,0,3.8,INGENIERIA ELECTRONICA,Electrónica,0,1,0,11,0,0,,0.0,1
161004107,2018-1,M,3.0,5.0,N,3,G,U,1,2,4,4,0,3,15.789591722875162,0,0,0,1,2,336.0,62.0,68.0,66.0,1,3.2,1,1,0,3.6,INGENIERIA ELECTRONICA,Electrónica,0,1,0,11,0,0,,0.0,1
161004108,2018-1,M,14.0,14.0,N,3,G,U,1,12,12,12,0,3,17.41301329356189,0,0,0,1,1,316.0,74.0,50.0,62.0,1,3.2,1,1,0,4.0,INGENIERIA ELECTRONICA,Electrónica,0,1,0,4,0,0,,0.0,1
161004109,2018-1,M,5.0,12.0,N,2,G,U,1,4,10,10,0,2,17.09912492146521,0,0,0,1,2,317.0,72.0,54.0,71.0,1,3.3,0,0,1,2.1,INGENIERIA ELECTRONICA,Electrónica,0,1,0,3,1,0,2018-2,1.0,1
161004110,2018-1,M,12.0,5.0,N,1,G,R,1,10,4,10,0,1,16.077273760604726,2,0,1,2,1,325.0,64.0,67.0,68.0,1,1.7,0,0,1,1.7,INGENIERIA ELECTRONICA,Electrónica,0,1,0,1,1,0,2018-1,1.0,1
161004111,2018-1,M,10.0,10.0,N,3,G,U,1,8,8,8,0,3,15.86963441986494,2,0,0,1,2,317.0,67.0,62.0,63.0,1,3.6,0,0,0,3.0,INGENIERIA ELECTRONICA,Electrónica,0,1,0,3,0,0,,0.0,1
161004112,2018-1,F,2.0,2.0,N,1,G,R,0,1,1,1,0,1,15.607270193858982,1,0,1,1,2,331.0,70.0,66.0,71.0,1,3.9,0,1,0,3.9,INGENIERIA ELECTRONICA,Electrónica,0,1,0,12,0,0,,0.0,1
161004113,2018-1,M,12.0,12.0,N,3,G,U,1,10,10,10,0,3,17.04081733982943,0,0,0,1,2,364.0,74.0,73.0,70.0,1,3.2,1,0,0,3.8,INGENIERIA ELECTRONICA,Electrónica,0,1,0,0,0,0,,,0
161004114,2018-1,M,5.0,5.0,N,3,G,U,1,4,4,4,0,3,16.912426682040923,4,0,0,1,2,332.0,64.0,66.0,62.0,1,3.5,0,0,1,2.7,INGENIERIA ELECTRONICA,Electrónica,0,1,0,2,0,0,,0.0,1
161004115,2018-1,M,,10.0,N,2,G,U,1,0,8,8,0,2,15.928563480057516,2,0,0,3,1,354.0,81.0,69.0,81.0,1,4.5,0,1,0,3.9,INGENIERIA ELECTRONICA,Electrónica,0,1,0,11,0,0,,0.0,1
161004117,2018-1,F,8.0,4.0,S,1,G,U,0,6,3,6,1,1,17.38630445879298,0,0,0,2,2,280.0,55.0,54.0,56.0,1,3.2,1,0,0,3.6,INGENIERIA ELECTRONICA,Electrónica,0,1,0,0,0,0,,,0
161004118,2018-1,M,10.0,12.0,N,2,P,R,1,8,10,10,0,2,15.60313967568894,1,1,1,1,1,336.0,65.0,65.0,63.0,1,3.2,1,0,0,4.2,INGENIERIA ELECTRONICA,Electrónica,0,1,0,0,0,0,,,0
161004119,2018-1,M,2.0,2.0,N,1,G,R,1,1,1,1,0,1,15.81220602240765,1,0,1,1,2,327.0,72.0,54.0,69.0,1,3.4,0,0,0,3.1,INGENIERIA ELECTRONICA,Electrónica,0,1,0,2,0,0,,0.0,1
161004122,2018-1,F,11.0,14.0,N,1,G,U,0,9,12,12,0,1,15.928532053779513,1,0,0,2,1,326.0,63.0,66.0,70.0,1,1.6,0,0,1,1.6,INGENIERIA ELECTRONICA,Electrónica,0,1,0,1,1,0,2018-1,1.0,1
161004123,2018-1,M,5.0,5.0,N,3,G,U,1,4,4,4,0,3,15.38412668421143,3,0,0,2,1,321.0,74.0,61.0,63.0,1,3.2,1,1,0,4.0,INGENIERIA ELECTRONICA,Electrónica,0,1,0,7,0,0,,0.0,1
161004124,2018-1,M,,12.0,N,3,P,U,1,0,10,10,0,3,16.795614746682222,1,1,0,1,1,318.0,65.0,64.0,63.0,1,3.6,0,0,1,2.6,INGENIERIA ELECTRONICA,Electrónica,0,1,0,3,1,0,2018-2,1.0,1
161004125,2018-1,M,4.0,5.0,N,2,G,U,1,3,4,4,0,2,16.035349600878508,1,0,0,1,2,347.0,75.0,71.0,70.0,1,3.2,1,0,0,3.8,INGENIERIA ELECTRONICA,Electrónica,0,1,0,0,0,0,,,0
161004126,2018-1,M,8.0,12.0,N,3,P,U,1,6,10,10,0,3,17.332236613896384,1,1,0,1,2,347.0,75.0,69.0,69.0,1,3.5,0,0,1,2.7,INGENIERIA ELECTRONICA,Electrónica,0,1,0,3,0,0,,0.0,1
161004127,2018-1,M,4.0,8.0,N,2,P,U,1,3,6,6,0,2,15.978833698567334,2,1,0,1,1,320.0,70.0,63.0,70.0,1,3.6,0,0,1,2.1,INGENIERIA ELECTRONICA,Electrónica,0,1,0,3,1,0,2018-2,1.0,1
161004128,2018-1,M,3.0,12.0,N,3,P,U,1,2,10,10,0,3,16.462329261471524,0,1,0,1,2,337.0,68.0,63.0,70.0,1,3.4,0,0,1,2.6,INGENIERIA ELECTRONICA,Electrónica,0,1,0,2,0,0,,0.0,1
161004130,2018-1,M,14.0,14.0,N,3,G,U,1,12,12,12,0,3,17.451219113990266,1,0,0,1,2,325.0,64.0,60.0,65.0,1,3.2,1,1,0,4.0,INGENIERIA ELECTRONICA,Electrónica,0,1,0,7,0,0,,0.0,1
161004131,2018-1,M,5.0,5.0,S,2,G,U,1,4,4,4,1,2,15.943742382861155,0,0,0,1,2,323.0,70.0,65.0,67.0,1,0.9,0,0,1,0.9,INGENIERIA ELECTRONICA,Electrónica,0,1,0,1,1,0,2018-1,1.0,1
161004132,2018-1,M,,,N,1,G,R,1,0,0,0,0,1,15.928628746864014,1,0,1,4,1,339.0,77.0,68.0,72.0,1,3.4,0,0,0,3.0,INGENIERIA ELECTRONICA,Electrónica,0,1,0,4,1,0,2019-2,1.0,1
161004133,2018-1,M,3.0,8.0,N,1,G,U,1,2,6,6,0,1,15.789591722875162,3,0,0,2,1,296.0,59.0,63.0,61.0,1,3.4,0,0,1,2.5,INGENIERIA ELECTRONICA,Electrónica,0,1,0,2,0,0,,0.0,1
161004134,2018-1,M,4.0,12.0,N,2,P,U,1,3,10,10,0,2,15.7054184481043,2,1,0,1,1,337.0,77.0,61.0,72.0,1,3.2,1,0,0,3.4,INGENIERIA ELECTRONICA,Electrónica,0,1,0,0,0,0,,,0
161004136,2018-1,M,10.0,5.0,N,1,G,U,1,8,4,8,0,1,15.996222323954052,1,0,0,1,1,325.0,64.0,63.0,68.0,1,0.8,0,0,1,0.8,INGENIERIA ELECTRONICA,Electrónica,0,1,0,1,1,0,2018-1,1.0,1
161004137,2018-1,M,,,N,3,G,U,1,0,0,0,0,3,15.38412668421143,0,0,0,2,1,266.0,56.0,62.0,51.0,1,3.2,1,0,1,2.1,INGENIERIA ELECTRONICA,Electrónica,0,1,0,1,1,0,2019-2,1.0,1
161004138,2018-1,M,,12.0,S,3,G,U,1,0,10,10,1,3,16.50647990837356,0,0,0,2,1,338.0,75.0,65.0,71.0,1,4.1,0,0,1,2.4,INGENIERIA ELECTRONICA,Electrónica,0,1,0,2,1,0,2018-2,1.0,1
161004139,2018-1,F,5.0,11.0,N,2,G,U,0,4,9,9,0,2,16.635508312478343,2,0,0,1,1,319.0,70.0,67.0,61.0,1,3.4,0,0,1,2.7,INGENIERIA ELECTRONICA,Electrónica,0,1,0,3,0,0,,0.0,1
161004141,2018-1,M,8.0,12.0,N,2,G,R,1,6,10,10,0,2,16.59847569601271,3,0,1,1,2,320.0,65.0,68.0,69.0,1,3.7,0,0,0,3.4,INGENIERIA ELECTRONICA,Electrónica,0,1,0,3,0,0,,0.0,1
161004142,2018-1,M,5.0,4.0,N,2,G,U,1,4,3,4,0,2,16.48273883399067,2,0,0,2,1,321.0,71.0,52.0,63.0,1,3.8,0,1,0,4.1,INGENIERIA ELECTRONICA,Electrónica,0,1,0,12,0,0,,0.0,1
161004143,2018-1,M,5.0,,S,2,G,U,1,4,0,4,1,2,16.705882371415992,1,0,0,1,2,327.0,63.0,71.0,61.0,1,0.8,0,0,1,0.8,INGENIERIA ELECTRONICA,Electrónica,0,1,0,1,1,0,2018-1,1.0,1
161004144,2018-1,M,10.0,4.0,N,3,G,U,1,8,3,8,0,3,16.300417291085605,3,0,0,1,2,313.0,62.0,68.0,65.0,1,3.2,1,0,0,3.2,INGENIERIA ELECTRONICA,Electrónica,0,1,0,7,0,0,,0.0,1
161004146,2018-1,F,4.0,5.0,N,2,G,U,0,3,4,4,0,2,16.077273760604726,3,0,0,2,1,332.0,73.0,73.0,73.0,1,3.5,0,1,0,4.0,INGENIERIA ELECTRONICA,Electrónica,0,1,0,11,0,0,,0.0,1
161004147,2018-1,M,3.0,5.0,N,1,G,U,1,2,4,4,0,1,16.077273760604726,0,0,0,1,2,304.0,62.0,71.0,63.0,1,3.4,0,1,0,4.1,INGENIERIA ELECTRONICA,Electrónica,0,1,0,13,0,0,,0.0,1
161004148,2018-1,M,3.0,,N,2,G,U,1,2,0,2,0,2,15.9966058662884,1,0,0,2,1,308.0,67.0,66.0,58.0,1,3.7,0,1,0,3.6,INGENIERIA ELECTRONICA,Electrónica,0,1,0,14,0,0,,0.0,1
161004149,2018-1,M,5.0,4.0,N,2,G,U,1,4,3,4,0,2,15.319588176962746,0,0,0,5,1,305.0,67.0,61.0,64.0,1,1.4,0,0,1,1.4,INGENIERIA ELECTRONICA,Electrónica,0,1,0,1,1,0,2018-1,1.0,1
161004150,2018-1,M,,11.0,N,3,P,U,1,0,9,9,0,3,16.336524184023652,0,1,0,2,1,316.0,63.0,65.0,59.0,1,2.9,0,0,1,2.0,INGENIERIA ELECTRONICA,Electrónica,0,1,0,3,1,0,2018-2,1.0,1
161004151,2018-1,M,,12.0,N,2,G,U,1,0,10,10,0,2,16.053546996436072,2,0,0,1,2,313.0,61.0,59.0,65.0,1,3.3,0,0,1,2.9,INGENIERIA ELECTRONICA,Electrónica,0,1,0,4,0,0,,0.0,1
