CODIGO_INST,n_periodos,ord_ev,y,cod,ord_ing,sem_ev,prog
160004001,3,6056.0,1,160004001,6053,4.0,Sistemas
160004002,3,6056.0,1,160004002,6053,4.0,Sistemas
160004003,3,,0,160004003,6053,,Sistemas
160004004,11,,0,160004004,6053,,Sistemas
160004005,14,,0,160004005,6053,,Sistemas
160004006,3,,0,160004006,6053,,Sistemas
160004007,1,6053.0,1,160004007,6053,1.0,Sistemas
160004008,10,,0,160004008,6053,,Sistemas
160004012,4,6064.0,1,160004012,6053,12.0,Sistemas
160004013,3,,0,160004013,6053,,Sistemas
160004015,6,,0,160004015,6053,,Sistemas
160004016,8,6061.0,1,160004016,6053,9.0,Sistemas
160004019,3,6056.0,1,160004019,6053,4.0,Sistemas
160004020,4,,0,160004020,6053,,Sistemas
160004022,3,6058.0,1,160004022,6053,6.0,Sistemas
160004023,13,,0,160004023,6053,,Sistemas
160004027,1,6053.0,1,160004027,6053,1.0,Sistemas
160004028,1,6053.0,1,160004028,6053,1.0,Sistemas
160004030,1,,0,160004030,6053,,Sistemas
160004031,10,,0,160004031,6053,,Sistemas
160004032,14,,0,160004032,6053,,Sistemas
160004033,10,,0,160004033,6053,,Sistemas
160004034,11,,0,160004034,6053,,Sistemas
160004035,1,6059.0,1,160004035,6053,7.0,Sistemas
160004037,1,6053.0,1,160004037,6053,1.0,Sistemas
160004038,6,,0,160004038,6053,,Sistemas
160004040,10,,0,160004040,6053,,Sistemas
160004041,10,,0,160004041,6053,,Sistemas
160004043,11,,0,160004043,6053,,Sistemas
160004044,3,,0,160004044,6053,,Sistemas
160004045,2,,0,160004045,6053,,Sistemas
160004046,3,,0,160004046,6053,,Sistemas
160004047,4,,0,160004047,6053,,Sistemas
160004048,2,,0,160004048,6053,,Sistemas
160004049,12,,0,160004049,6053,,Sistemas
160004050,12,,0,160004050,6053,,Sistemas
160004100,1,,0,160004100,6055,,Sistemas
160004101,1,,0,160004101,6055,,Sistemas
160004102,1,6055.0,1,160004102,6055,1.0,Sistemas
160004103,10,,0,160004103,6055,,Sistemas
160004104,8,,0,160004104,6055,,Sistemas
160004105,1,,0,160004105,6055,,Sistemas
160004106,10,,0,160004106,6055,,Sistemas
160004107,12,,0,160004107,6055,,Sistemas
160004108,10,,0,160004108,6055,,Sistemas
160004109,11,,0,160004109,6055,,Sistemas
160004110,2,,0,160004110,6055,,Sistemas
160004111,11,,0,160004111,6055,,Sistemas
160004112,12,,0,160004112,6055,,Sistemas
160004113,1,6059.0,1,160004113,6055,5.0,Sistemas
160004114,3,,0,160004114,6055,,Sistemas
160004115,1,6055.0,1,160004115,6055,1.0,Sistemas
160004116,8,6068.0,1,160004116,6055,14.0,Sistemas
160004117,10,,0,160004117,6055,,Sistemas
160004118,10,,0,160004118,6055,,Sistemas
160004119,12,,0,160004119,6055,,Sistemas
160004121,2,,0,160004121,6055,,Sistemas
160004122,2,,0,160004122,6055,,Sistemas
160004123,11,,0,160004123,6055,,Sistemas
160004124,3,,0,160004124,6055,,Sistemas
160004125,10,,0,160004125,6055,,Sistemas
160004126,11,,0,160004126,6055,,Sistemas
160004127,1,,0,160004127,6055,,Sistemas
160004128,4,,0,160004128,6055,,Sistemas
160004130,14,,0,160004130,6055,,Sistemas
160004132,11,,0,160004132,6055,,Sistemas
160004133,1,6055.0,1,160004133,6055,1.0,Sistemas
160004134,10,,0,160004134,6055,,Sistemas
160004135,4,6059.0,1,160004135,6055,5.0,Sistemas
160004136,3,,0,160004136,6055,,Sistemas
160004137,8,,0,160004137,6055,,Sistemas
160004139,10,,0,160004139,6055,,Sistemas
160004140,9,6068.0,1,160004140,6055,14.0,Sistemas
160004141,11,,0,160004141,6055,,Sistemas
160004142,1,,0,160004142,6055,,Sistemas
160004143,1,,0,160004143,6055,,Sistemas
160004144,1,6055.0,1,160004144,6055,1.0,Sistemas
160004145,7,,0,160004145,6055,,Sistemas
160004146,8,,0,160004146,6055,,Sistemas
160004147,2,,0,160004147,6055,,Sistemas
161004001,8,,0,161004001,6053,,Electrónica
161004002,14,,0,161004002,6053,,Electrónica
161004003,10,,0,161004003,6053,,Electrónica
161004006,4,,0,161004006,6053,,Electrónica
161004007,13,,0,161004007,6053,,Electrónica
161004008,2,6061.0,1,161004008,6053,9.0,Electrónica
161004009,5,,0,161004009,6053,,Electrónica
161004010,11,,0,161004010,6053,,Electrónica
161004012,7,,0,161004012,6053,,Electrónica
161004013,3,,0,161004013,6053,,Electrónica
161004015,1,6053.0,1,161004015,6053,1.0,Electrónica
161004017,1,6053.0,1,161004017,6053,1.0,Electrónica
161004018,12,,0,161004018,6053,,Electrónica
161004021,3,,0,161004021,6053,,Electrónica
161004023,5,,0,161004023,6053,,Electrónica
161004025,1,6059.0,1,161004025,6053,7.0,Electrónica
161004026,3,6059.0,1,161004026,6053,7.0,Electrónica
161004027,9,,0,161004027,6053,,Electrónica
161004029,4,6073.0,1,161004029,6053,21.0,Electrónica
161004033,12,,0,161004033,6053,,Electrónica
161004036,12,,0,161004036,6053,,Electrónica
161004039,3,,0,161004039,6053,,Electrónica
161004040,1,6053.0,1,161004040,6053,1.0,Electrónica
161004041,11,,0,161004041,6053,,Electrónica
161004043,6,,0,161004043,6053,,Electrónica
161004044,3,,0,161004044,6053,,Electrónica
161004046,1,6053.0,1,161004046,6053,1.0,Electrónica
161004047,1,,0,161004047,6053,,Electrónica
161004049,1,,0,161004049,6053,,Electrónica
161004050,5,,0,161004050,6053,,Electrónica
161004051,2,,0,161004051,6053,,Electrónica
161004054,1,6053.0,1,161004054,6053,1.0,Electrónica
161004055,13,,0,161004055,6053,,Electrónica
161004100,13,,0,161004100,6055,,Electrónica
161004101,1,6059.0,1,161004101,6055,5.0,Electrónica
161004102,3,,0,161004102,6055,,Electrónica
161004103,3,,0,161004103,6055,,Electrónica
161004104,13,,0,161004104,6055,,Electrónica
161004105,2,,0,161004105,6055,,Electrónica
161004106,11,,0,161004106,6055,,Electrónica
161004107,11,,0,161004107,6055,,Electrónica
161004108,4,,0,161004108,6055,,Electrónica
161004109,3,6056.0,1,161004109,6055,2.0,Electrónica
161004110,1,6055.0,1,161004110,6055,1.0,Electrónica
161004111,3,,0,161004111,6055,,Electrónica
161004112,12,,0,161004112,6055,,Electrónica
161004114,2,,0,161004114,6055,,Electrónica
161004115,11,,0,161004115,6055,,Electrónica
161004119,2,,0,161004119,6055,,Electrónica
161004122,1,6055.0,1,161004122,6055,1.0,Electrónica
161004123,7,,0,161004123,6055,,Electrónica
161004124,3,6056.0,1,161004124,6055,2.0,Electrónica
161004126,3,,0,161004126,6055,,Electrónica
161004127,3,6056.0,1,161004127,6055,2.0,Electrónica
161004128,2,,0,161004128,6055,,Electrónica
161004130,7,,0,161004130,6055,,Electrónica
161004131,1,6055.0,1,161004131,6055,1.0,Electrónica
161004132,4,6059.0,1,161004132,6055,5.0,Electrónica
161004133,2,,0,161004133,6055,,Electrónica
161004136,1,6055.0,1,161004136,6055,1.0,Electrónica
161004137,1,6059.0,1,161004137,6055,5.0,Electrónica
161004138,2,6056.0,1,161004138,6055,2.0,Electrónica
161004139,3,,0,161004139,6055,,Electrónica
161004141,3,,0,161004141,6055,,Electrónica
161004142,12,,0,161004142,6055,,Electrónica
161004143,1,6055.0,1,161004143,6055,1.0,Electrónica
161004144,7,,0,161004144,6055,,Electrónica
161004146,11,,0,161004146,6055,,Electrónica
161004147,13,,0,161004147,6055,,Electrónica
161004148,14,,0,161004148,6055,,Electrónica
161004149,1,6055.0,1,161004149,6055,1.0,Electrónica
161004150,3,6056.0,1,161004150,6055,2.0,Electrónica
161004151,4,,0,161004151,6055,,Electrónica
164004000,3,6056.0,1,164004000,6053,4.0,Biología
164004002,1,,0,164004002,6053,,Biología
164004003,1,6055.0,1,164004003,6053,3.0,Biología
164004004,2,,0,164004004,6053,,Biología
164004007,13,,0,164004007,6053,,Biología
164004009,2,,0,164004009,6053,,Biología
164004010,3,,0,164004010,6053,,Biología
164004011,3,6056.0,1,164004011,6053,4.0,Biología
164004012,12,6061.0,1,164004012,6053,9.0,Biología
164004014,3,6064.0,1,164004014,6053,12.0,Biología
164004015,13,,0,164004015,6053,,Biología
164004016,2,,0,164004016,6053,,Biología
164004017,12,,0,164004017,6053,,Biología
164004019,2,,0,164004019,6053,,Biología
164004021,2,6055.0,1,164004021,6053,3.0,Biología
164004022,1,6053.0,1,164004022,6053,1.0,Biología
164004023,11,,0,164004023,6053,,Biología
164004024,1,,0,164004024,6053,,Biología
164004025,11,,0,164004025,6053,,Biología
164004027,2,,0,164004027,6053,,Biología
164004028,9,,0,164004028,6053,,Biología
164004029,3,,0,164004029,6053,,Biología
164004030,1,,0,164004030,6053,,Biología
164004032,6,,0,164004032,6053,,Biología
164004034,3,,0,164004034,6053,,Biología
164004035,12,,0,164004035,6053,,Biología
164004036,1,,0,164004036,6053,,Biología
164004037,12,,0,164004037,6053,,Biología
164004038,4,,0,164004038,6053,,Biología
164004039,8,,0,164004039,6053,,Biología
164004041,13,,0,164004041,6053,,Biología
164004042,2,6055.0,1,164004042,6053,3.0,Biología
164004044,1,6053.0,1,164004044,6053,1.0,Biología
164004045,1,6053.0,1,164004045,6053,1.0,Biología
164004046,3,,0,164004046,6053,,Biología
164004047,1,6053.0,1,164004047,6053,1.0,Biología
164004100,10,,0,164004100,6055,,Biología
164004101,14,,0,164004101,6055,,Biología
164004102,3,,0,164004102,6055,,Biología
164004103,1,6055.0,1,164004103,6055,1.0,Biología
164004104,4,,0,164004104,6055,,Biología
164004105,3,,0,164004105,6055,,Biología
164004106,4,,0,164004106,6055,,Biología
164004107,2,,0,164004107,6055,,Biología
164004108,2,,0,164004108,6055,,Biología
164004109,1,,0,164004109,6055,,Biología
164004110,15,,0,164004110,6055,,Biología
164004112,12,,0,164004112,6055,,Biología
164004113,10,,0,164004113,6055,,Biología
164004114,1,,0,164004114,6055,,Biología
164004115,3,,0,164004115,6055,,Biología
164004116,14,,0,164004116,6055,,Biología
164004117,2,6056.0,1,164004117,6055,2.0,Biología
164004118,3,,0,164004118,6055,,Biología
164004119,1,,0,164004119,6055,,Biología
164004120,3,,0,164004120,6055,,Biología
164004122,1,,0,164004122,6055,,Biología
164004123,2,,0,164004123,6055,,Biología
164004124,3,,0,164004124,6055,,Biología
164004125,1,,0,164004125,6055,,Biología
164004126,14,,0,164004126,6055,,Biología
164004127,1,6055.0,1,164004127,6055,1.0,Biología
164004128,2,,0,164004128,6055,,Biología
164004130,1,,0,164004130,6055,,Biología
164004131,3,,0,164004131,6055,,Biología
164004132,11,,0,164004132,6055,,Biología
164004133,3,,0,164004133,6055,,Biología
164004134,9,,0,164004134,6055,,Biología
164004135,14,,0,164004135,6055,,Biología
164004136,1,,0,164004136,6055,,Biología
164004138,1,,0,164004138,6055,,Biología
164004139,4,,0,164004139,6055,,Biología
164004140,3,,0,164004140,6055,,Biología
164004141,2,,0,164004141,6055,,Biología
164004142,2,,0,164004142,6055,,Biología
164004143,12,,0,164004143,6055,,Biología
164004144,1,6055.0,1,164004144,6055,1.0,Biología
164004145,2,6056.0,1,164004145,6055,2.0,Biología
164004146,2,6056.0,1,164004146,6055,2.0,Biología
164004147,3,,0,164004147,6055,,Biología
164004148,15,,0,164004148,6055,,Biología
