umbral,Recall+,Prec+,F1+,F1-mac,MCC,Acc,n_alertas,pct_cohorte,lift_vs_azar
0.02,1.0,0.240506329113924,0.3877551020408163,0.2100065832784726,0.0627911355749013,0.25,79,0.988,1.01
0.04,1.0,0.2533333333333333,0.4042553191489361,0.2778852353320438,0.1441007540660505,0.3,75,0.938,1.07
0.06,1.0,0.2878787878787879,0.4470588235294118,0.4101960784313725,0.2570419060783232,0.4125,66,0.825,1.21
0.08,0.8421052631578947,0.2711864406779661,0.4102564102564102,0.4246404002501563,0.1326843658593399,0.425,59,0.738,1.14
0.1,0.8421052631578947,0.2909090909090909,0.4324324324324324,0.4720301697045883,0.1861550384203466,0.475,55,0.688,1.22
0.12,0.8421052631578947,0.3076923076923077,0.4507042253521127,0.5062509890805508,0.2247814383970214,0.5125,52,0.65,1.3
0.14,0.7894736842105263,0.3260869565217391,0.4615384615384615,0.5465587044534412,0.242134965198216,0.5625,46,0.575,1.37
0.16,0.7368421052631579,0.358974358974359,0.4827586206896552,0.5943204868154158,0.2784025828728382,0.625,39,0.488,1.51
0.18,0.7368421052631579,0.3888888888888889,0.509090909090909,0.625974025974026,0.3217860277202541,0.6625,36,0.45,1.64
0.2,0.6842105263157895,0.40625,0.5098039215686274,0.6402230617017449,0.3237773177817161,0.6875,32,0.4,1.71
0.22,0.631578947368421,0.4615384615384615,0.5333333333333333,0.6753623188405797,0.3653092295466805,0.7375,26,0.325,1.94
0.24,0.631578947368421,0.5454545454545454,0.5853658536585366,0.7212543554006968,0.445689324207581,0.7875,22,0.275,2.3
0.26,0.631578947368421,0.5714285714285714,0.6,0.7333333333333334,0.468150498409369,0.8,21,0.262,2.41
0.28,0.631578947368421,0.631578947368421,0.631578947368421,0.7584124245038826,0.5168248490077653,0.825,19,0.238,2.66
0.3,0.631578947368421,0.7058823529411765,0.6666666666666666,0.7849462365591398,0.5717457946556576,0.85,17,0.212,2.97
0.32,0.631578947368421,0.7058823529411765,0.6666666666666666,0.7849462365591398,0.5717457946556576,0.85,17,0.212,2.97
0.34,0.631578947368421,0.7058823529411765,0.6666666666666666,0.7849462365591398,0.5717457946556576,0.85,17,0.212,2.97
0.36,0.631578947368421,0.8,0.7058823529411765,0.8132586367880486,0.6349795620875779,0.875,15,0.188,3.37
0.38,0.631578947368421,0.8,0.7058823529411765,0.8132586367880486,0.6349795620875779,0.875,15,0.188,3.37
0.4,0.631578947368421,0.8,0.7058823529411765,0.8132586367880486,0.6349795620875779,0.875,15,0.188,3.37
0.42,0.631578947368421,0.8,0.7058823529411765,0.8132586367880486,0.6349795620875779,0.875,15,0.188,3.37
0.44,0.631578947368421,0.8,0.7058823529411765,0.8132586367880486,0.6349795620875779,0.875,15,0.188,3.37
0.46,0.631578947368421,0.8,0.7058823529411765,0.8132586367880486,0.6349795620875779,0.875,15,0.188,3.37
0.48,0.631578947368421,0.8571428571428571,0.7272727272727273,0.8282032927702219,0.6706281308960764,0.8875,14,0.175,3.61
0.5,0.631578947368421,0.8571428571428571,0.7272727272727273,0.8282032927702219,0.6706281308960764,0.8875,14,0.175,3.61
0.52,0.631578947368421,0.8571428571428571,0.7272727272727273,0.8282032927702219,0.6706281308960764,0.8875,14,0.175,3.61
0.54,0.631578947368421,0.8571428571428571,0.7272727272727273,0.8282032927702219,0.6706281308960764,0.8875,14,0.175,3.61
0.56,0.5789473684210527,0.9166666666666666,0.7096774193548387,0.8199549887471869,0.6704413599874464,0.8875,12,0.15,3.86
0.58,0.5789473684210527,0.9166666666666666,0.7096774193548387,0.8199549887471869,0.6704413599874464,0.8875,12,0.15,3.86
0.6,0.5789473684210527,0.9166666666666666,0.7096774193548387,0.8199549887471869,0.6704413599874464,0.8875,12,0.15,3.86
0.62,0.5789473684210527,1.0,0.7333333333333333,0.8358974358974358,0.715418084654348,0.9,11,0.138,4.21
0.64,0.5263157894736842,1.0,0.6896551724137931,0.8104764411687286,0.6772345358451187,0.8875,10,0.125,4.21
0.66,0.4736842105263157,1.0,0.6428571428571429,0.7835497835497836,0.6379405336994145,0.875,9,0.112,4.21
0.68,0.4736842105263157,1.0,0.6428571428571429,0.7835497835497836,0.6379405336994145,0.875,9,0.112,4.21
0.7,0.3684210526315789,1.0,0.5384615384615384,0.7244546498277842,0.554850148973062,0.85,7,0.088,4.21
