cod,y,prom_ponderado_acum,pct_creditos_reprob_acum,pct_creditos_reprob_ultimo,n_art20_acum,max_veces_cursado,creditos_acum,n_asignaturas_acum,CODIGO_INST,COHORTE,SEXO,NIVEL_ED_PADRE,NIVEL_ED_MADRE,ANOS_REPITIO,ESTRATO_ACTUAL,TIPO_PLANTEL,ZONA_LUGAR_RESIDENCIA,sexo,nivel_edu_padre,nivel_edu_madre,nivel_edu_max_padres,repitio_escolar,estrato,log_ingresos,sisben_nivel,tipo_plantel,zona_rural,vive_con,situacion_padres,icfes_total,icfes_mat,icfes_lec,icfes_nat,cohorte_encoded,prom_sem1,sin_primer_semestre,graduado,rendimiento_bajo,PROMEDIO_CARRERA,programa,programa_corto,prog_sistemas,prog_electrónica,prog_biología,n_periodos_cursados,art19_n_eventos,art19_dudoso,art19_primer_periodo,bajo_rendimiento_art19,tiene_actividad_academica
160004001,1,3.824324324324324,0.0,0.0,0,1,37,12,160004001,2017-2,M,2.0,3.0,N,1,G,U,1,1,2,2,0,1,16.077273760604726,1,0,0,2,1,298.0,68.0,58.0,56.0,0,4.2,0,0,1,2.9,INGENIERIA DE SISTEMAS,Sistemas,1,0,0,3,1,0,2018-2,1.0,1
160004002,1,3.4028571428571426,0.11428571428571428,0.23529411764705882,0,1,35,11,160004002,2017-2,M,,5.0,N,2,P,U,1,0,4,4,0,2,16.077273760604726,1,1,0,1,1,305.0,62.0,65.0,58.0,0,4.0,0,0,1,2.6,INGENIERIA DE SISTEMAS,Sistemas,1,0,0,3,1,0,2018-2,1.0,1
160004003,0,2.8378378378378377,0.4864864864864865,0.7894736842105263,1,2,37,12,160004003,2017-2,M,5.0,5.0,N,2,P,U,1,4,4,4,0,2,17.108547990690635,0,1,0,1,2,302.0,62.0,62.0,60.0,0,3.6,0,0,1,2.7,INGENIERIA DE SISTEMAS,Sistemas,1,0,0,3,0,0,,0.0,1
160004004,0,3.2314285714285713,0.34285714285714286,0.7058823529411765,1,1,35,11,160004004,2017-2,M,2.0,5.0,N,1,P,U,1,1,4,4,0,1,15.977231841750806,0,1,0,2,1,252.0,59.0,49.0,47.0,0,3.7,0,1,0,3.6,INGENIERIA DE SISTEMAS,Sistemas,1,0,0,11,0,0,,0.0,1
160004005,0,3.854545454545455,0.0,0.0,0,1,22,7,160004005,2017-2,M,,12.0,N,2,P,U,1,0,10,10,0,2,16.565853735162666,1,1,0,1,1,308.0,60.0,57.0,65.0,0,3.7,0,1,0,3.5,INGENIERIA DE SISTEMAS,Sistemas,1,0,0,14,0,0,,0.0,1
160004006,0,2.681081081081081,0.5675675675675675,0.631578947368421,1,2,37,12,160004006,2017-2,M,5.0,5.0,S,1,G,R,1,4,4,4,1,1,16.48273883399067,2,0,1,1,2,295.0,61.0,65.0,58.0,0,3.1,0,0,1,2.9,INGENIERIA DE SISTEMAS,Sistemas,1,0,0,3,0,0,,0.0,1
160004008,0,3.1972972972972977,0.40540540540540543,0.7894736842105263,1,1,37,12,160004008,2017-2,M,14.0,14.0,N,3,P,U,1,12,12,12,0,3,16.48273883399067,0,1,0,1,2,337.0,67.0,66.0,66.0,0,3.8,0,1,0,3.8,INGENIERIA DE SISTEMAS,Sistemas,1,0,0,10,0,0,,0.0,1
160004012,1,2.8540540540540538,0.40540540540540543,0.631578947368421,1,2,37,12,160004012,2017-2,M,3.0,3.0,S,1,G,R,1,2,2,2,1,1,16.300417291085605,1,0,1,3,2,297.0,66.0,58.0,59.0,0,3.3,0,0,1,2.2,INGENIERIA DE SISTEMAS,Sistemas,1,0,0,4,1,0,2021-1,1.0,1
160004013,0,2.7405405405405405,0.40540540540540543,0.631578947368421,1,2,37,12,160004013,2017-2,M,2.0,4.0,N,2,G,U,1,1,3,3,0,2,15.86963441986494,0,0,0,1,1,291.0,62.0,52.0,60.0,0,3.2,0,0,1,2.6,INGENIERIA DE SISTEMAS,Sistemas,1,0,0,3,0,0,,0.0,1
160004015,0,3.7108108108108113,0.0,0.0,0,1,37,12,160004015,2017-2,M,8.0,11.0,S,1,P,U,1,6,9,9,1,1,14.914123179965662,2,1,0,4,1,309.0,66.0,62.0,61.0,0,3.7,0,1,0,3.6,INGENIERIA DE SISTEMAS,Sistemas,1,0,0,6,0,0,,0.0,1
160004016,1,3.547368421052632,0.07894736842105263,0.0,0,2,38,12,160004016,2017-2,M,,12.0,N,2,G,R,1,0,10,10,0,2,16.990940741224883,1,0,1,2,1,301.0,62.0,54.0,66.0,0,3.8,0,0,0,3.2,INGENIERIA DE SISTEMAS,Sistemas,1,0,0,8,2,0,2020-1,1.0,1
160004019,1,3.108108108108108,0.32432432432432434,0.631578947368421,1,1,37,12,160004019,2017-2,M,3.0,9.0,N,2,G,U,1,2,7,7,0,2,15.86963441986494,2,0,0,2,1,346.0,75.0,63.0,67.0,0,3.8,0,0,1,2.5,INGENIERIA DE SISTEMAS,Sistemas,1,0,0,3,1,0,2018-2,1.0,1
160004020,0,3.364864864864865,0.21621621621621623,0.42105263157894735,0,1,37,12,160004020,2017-2,M,,12.0,N,2,G,U,1,0,10,10,0,2,16.300417291085605,4,0,0,2,1,307.0,59.0,63.0,65.0,0,3.8,0,0,0,3.2,INGENIERIA DE SISTEMAS,Sistemas,1,0,0,4,0,0,,0.0,1
160004022,1,2.8142857142857145,0.42857142857142855,0.8823529411764706,1,1,35,11,160004022,2017-2,M,,12.0,N,2,G,U,1,0,10,10,0,2,15.424948670398354,0,0,0,1,1,313.0,64.0,58.0,61.0,0,3.6,0,0,1,2.4,INGENIERIA DE SISTEMAS,Sistemas,1,0,0,3,1,0,2019-1,1.0,1
160004023,0,3.5818181818181816,0.13636363636363635,0.0,0,1,22,7,160004023,2017-2,M,5.0,5.0,N,2,G,U,1,4,4,4,0,2,16.521794600325933,0,0,0,1,1,304.0,64.0,53.0,62.0,0,3.4,0,1,0,3.5,INGENIERIA DE SISTEMAS,Sistemas,1,0,0,13,0,0,,0.0,1
160004031,0,3.4714285714285715,0.22857142857142856,0.47058823529411764,0,1,35,11,160004031,2017-2,M,14.0,14.0,N,3,G,U,1,12,12,12,0,3,17.62991559669524,4,0,0,1,2,306.0,63.0,62.0,62.0,0,3.9,0,1,0,3.8,INGENIERIA DE SISTEMAS,Sistemas,1,0,0,10,0,0,,0.0,1
160004032,0,4.04090909090909,0.13636363636363635,0.0,0,1,22,7,160004032,2017-2,M,5.0,5.0,N,2,G,U,1,4,4,4,0,2,16.705882371415992,2,0,0,5,2,305.0,63.0,61.0,56.0,0,3.9,0,1,0,3.7,INGENIERIA DE SISTEMAS,Sistemas,1,0,0,14,0,0,,0.0,1
160004033,0,3.6447368421052633,0.07894736842105263,0.0,0,2,38,12,160004033,2017-2,F,11.0,12.0,N,3,G,U,0,9,10,10,0,3,16.007164201982874,3,0,0,1,2,334.0,62.0,70.0,65.0,0,3.8,0,1,0,3.9,INGENIERIA DE SISTEMAS,Sistemas,1,0,0,10,0,0,,0.0,1
160004034,0,4.050000000000001,0.13636363636363635,0.0,0,1,22,7,160004034,2017-2,M,,5.0,N,1,G,U,1,0,4,4,0,1,16.103010946739843,2,0,0,4,1,336.0,66.0,67.0,68.0,0,3.9,0,1,0,4.0,INGENIERIA DE SISTEMAS,Sistemas,1,0,0,11,0,0,,0.0,1
160004038,0,3.64,0.2,0.23529411764705882,0,2,35,11,160004038,2017-2,M,14.0,12.0,N,4,G,U,1,12,10,12,0,4,17.30642678976724,0,0,0,2,1,335.0,64.0,56.0,72.0,0,4.0,0,0,0,3.2,INGENIERIA DE SISTEMAS,Sistemas,1,0,0,6,0,0,,0.0,1
160004040,0,4.082857142857142,0.0,0.0,0,1,35,11,160004040,2017-2,M,,4.0,N,1,G,R,1,0,3,3,0,1,15.250595321348806,2,0,1,5,3,300.0,63.0,60.0,60.0,0,4.3,0,1,0,4.2,INGENIERIA DE SISTEMAS,Sistemas,1,0,0,10,0,0,,0.0,1
160004041,0,3.5315789473684207,0.07894736842105263,0.0,0,2,38,12,160004041,2017-2,F,10.0,14.0,N,2,G,U,0,8,12,12,0,2,16.584051662139046,0,0,0,1,2,335.0,66.0,67.0,65.0,0,3.7,0,1,0,3.9,INGENIERIA DE SISTEMAS,Sistemas,1,0,0,10,0,0,,0.0,1
160004043,0,3.591428571428572,0.08571428571428572,0.17647058823529413,0,1,35,11,160004043,2017-2,M,12.0,,N,1,G,R,1,10,0,10,0,1,15.928563480057516,0,0,1,1,3,262.0,60.0,56.0,56.0,0,3.9,0,1,0,3.8,INGENIERIA DE SISTEMAS,Sistemas,1,0,0,11,0,0,,0.0,1
160004044,0,2.814705882352941,0.5,0.75,1,2,34,11,160004044,2017-2,F,5.0,4.0,N,2,G,U,0,4,3,4,0,2,16.615228008419557,4,0,0,1,1,326.0,66.0,69.0,66.0,0,3.4,0,0,1,2.7,INGENIERIA DE SISTEMAS,Sistemas,1,0,0,3,0,0,,0.0,1
160004045,0,2.289473684210526,0.4473684210526316,0.7,1,2,38,12,160004045,2017-2,M,5.0,4.0,N,2,G,R,1,4,3,4,0,2,15.85957061720402,1,0,1,1,2,386.0,65.0,100.0,73.0,0,3.3,0,0,1,2.3,INGENIERIA DE SISTEMAS,Sistemas,1,0,0,2,0,0,,0.0,1
160004046,0,2.4540540540540543,0.6486486486486487,0.7894736842105263,1,2,37,12,160004046,2017-2,M,4.0,5.0,N,1,G,U,1,3,4,4,0,1,16.012735246411598,1,0,0,5,2,301.0,67.0,58.0,60.0,0,2.9,0,0,1,2.3,INGENIERIA DE SISTEMAS,Sistemas,1,0,0,3,0,0,,0.0,1
160004047,0,3.3333333333333335,0.37037037037037035,0.7777777777777778,1,2,27,9,160004047,2017-2,M,14.0,10.0,N,4,P,U,1,12,8,12,0,4,15.928563480057516,0,1,0,1,2,299.0,58.0,54.0,61.0,0,3.5,0,0,1,2.6,INGENIERIA DE SISTEMAS,Sistemas,1,0,0,4,0,0,,0.0,1
160004048,0,2.8289473684210527,0.5,0.8,1,2,38,12,160004048,2017-2,M,5.0,8.0,N,3,G,U,1,4,6,6,0,3,15.943742382861156,1,0,0,2,1,289.0,64.0,57.0,59.0,0,3.5,0,0,1,2.8,INGENIERIA DE SISTEMAS,Sistemas,1,0,0,2,0,0,,0.0,1
160004049,0,3.591428571428571,0.11428571428571428,0.23529411764705882,0,1,35,11,160004049,2017-2,M,,4.0,N,1,G,U,1,0,3,3,0,1,15.928563480057516,2,0,0,2,1,290.0,60.0,58.0,60.0,0,4.1,0,1,0,3.7,INGENIERIA DE SISTEMAS,Sistemas,1,0,0,12,0,0,,0.0,1
160004050,0,3.1914285714285713,0.34285714285714286,0.7058823529411765,1,1,35,11,160004050,2017-2,M,8.0,8.0,S,4,G,U,1,6,6,6,1,4,16.48273883399067,2,0,0,1,1,294.0,60.0,59.0,55.0,0,3.8,0,1,0,3.4,INGENIERIA DE SISTEMAS,Sistemas,1,0,0,12,0,0,,0.0,1
160004103,0,3.36,0.0,0.0,0,1,35,11,160004103,2018-1,M,5.0,12.0,N,1,G,R,1,4,10,10,0,1,15.943742382861156,1,0,1,1,2,319.0,69.0,62.0,64.0,1,3.4,0,1,0,3.9,INGENIERIA DE SISTEMAS,Sistemas,1,0,0,10,0,0,,0.0,1
160004104,0,3.447058823529412,0.29411764705882354,0.4117647058823529,0,2,34,10,160004104,2018-1,M,,12.0,N,1,G,U,1,0,10,10,0,1,16.077273760604726,1,0,0,1,1,324.0,67.0,65.0,61.0,1,3.2,1,1,0,3.7,INGENIERIA DE SISTEMAS,Sistemas,1,0,0,8,0,0,,0.0,1
160004106,0,4.0771428571428565,0.0,0.0,0,1,35,11,160004106,2018-1,F,3.0,5.0,N,1,G,U,0,2,4,4,0,1,15.929353647134382,2,0,0,2,1,338.0,68.0,67.0,68.0,1,4.6,0,1,0,4.0,INGENIERIA DE SISTEMAS,Sistemas,1,0,0,10,0,0,,0.0,1
160004107,0,3.14,0.34285714285714286,0.47058823529411764,0,2,35,11,160004107,2018-1,M,,3.0,N,1,G,U,1,0,2,2,0,1,15.929353647134382,2,0,0,2,1,320.0,64.0,72.0,62.0,1,3.2,0,1,0,3.7,INGENIERIA DE SISTEMAS,Sistemas,1,0,0,12,0,0,,0.0,1
160004108,0,3.657142857142857,0.22857142857142856,0.47058823529411764,0,1,35,11,160004108,2018-1,M,12.0,12.0,N,1,G,R,1,10,10,10,0,1,16.077273760604726,0,0,1,1,2,344.0,72.0,64.0,66.0,1,4.0,0,1,0,3.8,INGENIERIA DE SISTEMAS,Sistemas,1,0,0,10,0,0,,0.0,1
160004109,0,3.3542857142857145,0.11428571428571428,0.23529411764705882,0,1,35,11,160004109,2018-1,F,2.0,4.0,N,1,G,R,0,1,3,3,0,1,15.929353647134382,1,0,1,3,2,324.0,77.0,66.0,67.0,1,3.7,0,1,0,3.7,INGENIERIA DE SISTEMAS,Sistemas,1,0,0,11,0,0,,0.0,1
160004110,0,2.864705882352941,0.4411764705882353,0.25,1,2,34,11,160004110,2018-1,M,2.0,5.0,N,1,G,R,1,1,4,4,0,1,15.928563480057516,1,0,1,1,1,311.0,62.0,63.0,71.0,1,2.5,0,0,1,2.9,INGENIERIA DE SISTEMAS,Sistemas,1,0,0,2,0,0,,0.0,1
160004111,0,3.551428571428571,0.11428571428571428,0.23529411764705882,0,1,35,11,160004111,2018-1,F,5.0,8.0,N,2,G,R,0,4,6,6,0,2,15.996154093121891,3,0,1,3,2,313.0,71.0,62.0,54.0,1,4.1,0,1,0,3.7,INGENIERIA DE SISTEMAS,Sistemas,1,0,0,11,0,0,,0.0,1
160004112,0,3.085714285714286,0.34285714285714286,0.47058823529411764,0,2,35,11,160004112,2018-1,F,4.0,5.0,S,3,P,U,0,3,4,4,1,3,15.70614339674399,0,1,0,1,1,320.0,69.0,61.0,68.0,1,3.2,0,1,0,3.6,INGENIERIA DE SISTEMAS,Sistemas,1,0,0,12,0,0,,0.0,1
160004114,0,2.1772727272727272,0.6818181818181818,0.6111111111111112,1,2,22,7,160004114,2018-1,M,12.0,2.0,N,1,G,R,1,10,1,10,0,1,15.38412668421143,0,0,1,2,1,312.0,56.0,74.0,63.0,1,2.3,0,0,1,2.5,INGENIERIA DE SISTEMAS,Sistemas,1,0,0,3,0,0,,0.0,1
160004116,1,3.591428571428572,0.0,0.0,0,1,35,11,160004116,2018-1,M,,,N,3,G,U,1,0,0,0,0,3,17.60717042463077,0,0,0,5,1,387.0,89.0,67.0,67.0,1,3.6,0,0,1,2.8,INGENIERIA DE SISTEMAS,Sistemas,1,0,0,8,1,0,2022-2,1.0,1
160004117,0,3.5,0.0,0.0,0,1,33,10,160004117,2018-1,M,5.0,11.0,N,1,G,U,1,4,9,9,0,1,16.074937701050803,0,0,0,1,2,326.0,66.0,70.0,60.0,1,3.7,0,1,0,3.9,INGENIERIA DE SISTEMAS,Sistemas,1,0,0,10,0,0,,0.0,1
160004118,0,3.3200000000000003,0.11428571428571428,0.23529411764705882,0,1,35,11,160004118,2018-1,M,5.0,10.0,N,2,G,R,1,4,8,8,0,2,15.607270193858982,3,0,1,1,1,314.0,62.0,58.0,67.0,1,3.5,0,1,0,3.8,INGENIERIA DE SISTEMAS,Sistemas,1,0,0,10,0,0,,0.0,1
160004119,0,3.2,0.22857142857142856,0.23529411764705882,0,2,35,11,160004119,2018-1,M,2.0,4.0,N,1,G,U,1,1,3,3,0,1,16.118095750958314,1,0,0,2,2,333.0,66.0,65.0,68.0,1,3.3,0,1,0,3.6,INGENIERIA DE SISTEMAS,Sistemas,1,0,0,12,0,0,,0.0,1
160004121,0,3.468571428571429,0.11428571428571428,0.23529411764705882,0,1,35,11,160004121,2018-1,M,14.0,12.0,N,3,P,U,1,12,10,12,0,3,15.7854611209119,0,1,0,1,1,383.0,72.0,64.0,100.0,1,4.0,0,0,0,3.5,INGENIERIA DE SISTEMAS,Sistemas,1,0,0,2,0,0,,0.0,1
160004122,0,2.7058823529411766,0.5882352941176471,0.4375,1,2,34,11,160004122,2018-1,M,12.0,11.0,N,1,G,U,1,10,9,10,0,1,17.17037785198582,3,0,0,2,2,298.0,72.0,61.0,62.0,1,2.5,0,0,1,2.7,INGENIERIA DE SISTEMAS,Sistemas,1,0,0,2,0,0,,0.0,1
160004123,0,3.1685714285714286,0.11428571428571428,0.23529411764705882,0,1,35,11,160004123,2018-1,M,,12.0,N,2,P,U,1,0,10,10,0,2,16.562781536322326,4,1,0,5,3,319.0,64.0,65.0,68.0,1,3.4,0,1,0,3.8,INGENIERIA DE SISTEMAS,Sistemas,1,0,0,11,0,0,,0.0,1
160004124,0,2.890909090909091,0.3181818181818182,0.3888888888888889,0,2,22,7,160004124,2018-1,M,,5.0,N,1,G,U,1,0,4,4,0,1,15.943742382861156,2,0,0,2,3,291.0,69.0,57.0,64.0,1,2.9,0,0,1,2.8,INGENIERIA DE SISTEMAS,Sistemas,1,0,0,3,0,0,,0.0,1
160004125,0,3.402631578947368,0.18421052631578946,0.2,0,2,38,12,160004125,2018-1,M,,5.0,N,3,G,U,1,0,4,4,0,3,15.943742382861156,2,0,0,2,3,342.0,73.0,63.0,66.0,1,3.3,0,1,0,3.8,INGENIERIA DE SISTEMAS,Sistemas,1,0,0,10,0,0,,0.0,1
160004126,0,3.357894736842105,0.18421052631578946,0.2,0,2,38,12,160004126,2018-1,M,8.0,5.0,N,1,G,U,1,6,4,6,0,1,16.077273760604726,1,0,0,1,1,313.0,69.0,58.0,65.0,1,3.2,0,1,0,3.7,INGENIERIA DE SISTEMAS,Sistemas,1,0,0,11,0,0,,0.0,1
160004128,0,3.1085714285714285,0.22857142857142856,0.47058823529411764,0,1,35,11,160004128,2018-1,M,2.0,8.0,N,3,G,U,1,1,6,6,0,3,17.533997381101535,1,0,0,1,2,323.0,64.0,64.0,64.0,1,3.2,0,0,1,2.8,INGENIERIA DE SISTEMAS,Sistemas,1,0,0,4,0,0,,0.0,1
160004130,0,2.940909090909091,0.3181818181818182,0.3888888888888889,0,2,22,7,160004130,2018-1,M,5.0,4.0,N,2,G,R,1,4,3,4,0,2,17.167965809303354,2,0,1,1,2,313.0,64.0,63.0,65.0,1,2.9,0,1,0,3.6,INGENIERIA DE SISTEMAS,Sistemas,1,0,0,14,0,0,,0.0,1
160004132,0,3.4342857142857146,0.11428571428571428,0.23529411764705882,0,1,35,11,160004132,2018-1,M,5.0,5.0,N,2,G,U,1,4,4,4,0,2,15.943742382861156,3,0,0,1,1,332.0,70.0,60.0,61.0,1,3.8,0,1,0,3.7,INGENIERIA DE SISTEMAS,Sistemas,1,0,0,11,0,0,,0.0,1
160004134,0,3.7542857142857136,0.0,0.0,0,1,35,11,160004134,2018-1,M,3.0,2.0,N,1,G,U,1,2,1,2,0,1,15.86963441986494,3,0,0,5,3,325.0,69.0,64.0,67.0,1,4.0,0,1,0,4.0,INGENIERIA DE SISTEMAS,Sistemas,1,0,0,10,0,0,,0.0,1
160004135,1,3.3857142857142857,0.22857142857142856,0.47058823529411764,0,1,35,11,160004135,2018-1,F,12.0,14.0,N,3,P,U,0,10,12,12,0,3,17.088874605995333,0,1,0,1,2,360.0,74.0,68.0,72.0,1,3.8,0,0,1,2.7,INGENIERIA DE SISTEMAS,Sistemas,1,0,0,4,1,0,2019-2,1.0,1
160004136,0,3.160526315789474,0.18421052631578946,0.2,0,2,38,12,160004136,2018-1,M,5.0,5.0,N,3,G,U,1,4,4,4,0,3,15.951805029328526,1,0,0,2,2,309.0,69.0,64.0,62.0,1,3.0,0,0,0,3.1,INGENIERIA DE SISTEMAS,Sistemas,1,0,0,3,0,0,,0.0,1
160004137,0,3.791891891891892,0.08108108108108109,0.15,0,1,37,11,160004137,2018-1,M,4.0,4.0,N,1,G,U,1,3,3,3,0,1,16.300417291085605,1,0,0,1,2,316.0,65.0,59.0,70.0,1,3.2,1,1,0,3.8,INGENIERIA DE SISTEMAS,Sistemas,1,0,0,8,0,0,,0.0,1
160004139,0,4.094285714285714,0.0,0.0,0,1,35,11,160004139,2018-1,F,5.0,4.0,N,1,G,U,0,4,3,4,0,1,16.031666031987402,2,0,0,2,1,338.0,76.0,64.0,63.0,1,4.5,0,1,0,4.0,INGENIERIA DE SISTEMAS,Sistemas,1,0,0,10,0,0,,0.0,1
160004140,1,3.475,0.2,0.25,0,1,20,6,160004140,2018-1,M,12.0,12.0,S,3,P,U,1,10,10,10,1,3,16.636889503897294,0,1,0,1,2,373.0,74.0,71.0,74.0,1,3.2,0,0,0,3.1,INGENIERIA DE SISTEMAS,Sistemas,1,0,0,9,1,0,2022-2,1.0,1
160004141,0,3.205714285714286,0.22857142857142856,0.47058823529411764,0,1,35,11,160004141,2018-1,M,10.0,4.0,N,2,P,U,1,8,3,8,0,2,16.888203918950687,0,1,0,1,2,343.0,69.0,63.0,65.0,1,3.6,0,1,0,3.6,INGENIERIA DE SISTEMAS,Sistemas,1,0,0,11,0,0,,0.0,1
160004145,0,3.736842105263158,0.07894736842105263,0.15,0,1,38,12,160004145,2018-1,F,5.0,5.0,N,2,G,U,0,4,4,4,0,2,15.79446952855758,1,0,0,2,2,308.0,63.0,63.0,64.0,1,3.2,1,1,0,3.9,INGENIERIA DE SISTEMAS,Sistemas,1,0,0,7,0,0,,0.0,1
160004146,0,3.603225806451613,0.0967741935483871,0.1875,0,1,31,9,160004146,2018-1,M,,,N,3,P,U,1,0,0,0,0,3,17.40354708230122,0,1,0,1,2,311.0,66.0,62.0,54.0,1,3.2,1,0,0,3.6,INGENIERIA DE SISTEMAS,Sistemas,1,0,0,8,0,0,,0.0,1
160004147,0,2.864705882352941,0.4411764705882353,0.25,1,2,34,11,160004147,2018-1,M,4.0,4.0,S,1,P,U,1,3,3,3,1,1,15.914754849489302,2,1,0,1,1,314.0,62.0,65.0,60.0,1,2.6,0,0,1,2.9,INGENIERIA DE SISTEMAS,Sistemas,1,0,0,2,0,0,,0.0,1
161004001,0,3.1739130434782608,0.391304347826087,0.3333333333333333,0,2,23,8,161004001,2017-2,M,,,S,3,G,U,1,0,0,0,1,3,16.628934614635334,0,0,0,1,2,285.0,62.0,59.0,56.0,0,3.2,1,0,0,3.2,INGENIERIA ELECTRONICA,Electrónica,0,1,0,8,0,0,,0.0,1
161004002,0,3.682857142857143,0.08571428571428572,0.0,0,2,35,11,161004002,2017-2,M,,3.0,N,1,G,U,1,0,2,2,0,1,15.943742382861156,1,0,0,1,1,282.0,75.0,52.0,56.0,0,3.4,0,1,0,3.5,INGENIERIA ELECTRONICA,Electrónica,0,1,0,14,0,0,,0.0,1
161004003,0,3.2347826086956526,0.17391304347826086,0.0,0,1,23,6,161004003,2017-2,M,12.0,12.0,N,3,G,U,1,10,10,10,0,3,16.012735246411598,0,0,0,2,2,306.0,63.0,62.0,62.0,0,3.3,0,1,0,3.5,INGENIERIA ELECTRONICA,Electrónica,0,1,0,10,0,0,,0.0,1
161004006,0,3.32,0.17142857142857143,0.17647058823529413,0,2,35,11,161004006,2017-2,M,2.0,11.0,N,3,G,U,1,1,9,9,0,3,15.929353647134382,2,0,0,1,2,289.0,63.0,46.0,65.0,0,3.3,0,0,0,3.1,INGENIERIA ELECTRONICA,Electrónica,0,1,0,4,0,0,,0.0,1
161004007,0,3.7513513513513517,0.08108108108108109,0.0,0,2,37,12,161004007,2017-2,M,5.0,5.0,S,2,G,U,1,4,4,4,1,2,15.607270193858982,3,0,0,1,1,322.0,68.0,58.0,62.0,0,3.6,0,1,0,3.6,INGENIERIA ELECTRONICA,Electrónica,0,1,0,13,0,0,,0.0,1
161004009,0,3.767741935483871,0.0,0.0,0,1,31,10,161004009,2017-2,M,,12.0,N,3,P,U,1,0,10,10,0,3,15.904662055074768,3,1,0,2,1,296.0,59.0,56.0,65.0,0,3.2,1,1,0,3.9,INGENIERIA ELECTRONICA,Electrónica,0,1,0,5,0,0,,0.0,1
161004010,0,3.5027027027027025,0.1891891891891892,0.21052631578947367,0,2,37,11,161004010,2017-2,M,,4.0,S,1,G,U,1,0,3,3,1,1,15.830413711839864,1,0,0,2,1,297.0,63.0,66.0,51.0,0,3.3,0,1,0,3.7,INGENIERIA ELECTRONICA,Electrónica,0,1,0,11,0,0,,0.0,1
161004012,0,2.493333333333333,0.5,0.25,1,2,30,10,161004012,2017-2,M,8.0,2.0,S,2,G,U,1,6,1,6,1,2,15.928562029635655,0,0,0,1,1,362.0,89.0,65.0,78.0,0,3.2,1,0,0,3.1,INGENIERIA ELECTRONICA,Electrónica,0,1,0,7,0,0,,0.0,1
161004013,0,3.3333333333333335,0.1111111111111111,0.2222222222222222,0,1,36,11,161004013,2017-2,M,12.0,12.0,S,5,G,U,1,10,10,10,1,5,17.208339723569356,0,0,0,1,2,315.0,60.0,68.0,59.0,0,3.6,0,0,1,2.9,INGENIERIA ELECTRONICA,Electrónica,0,1,0,3,0,0,,0.0,1
161004018,0,3.6162162162162166,0.08108108108108109,0.0,0,2,37,11,161004018,2017-2,M,,12.0,N,5,G,U,1,0,10,10,0,5,16.23464601607734,0,0,0,2,1,280.0,52.0,58.0,54.0,0,3.5,0,1,0,3.7,INGENIERIA ELECTRONICA,Electrónica,0,1,0,12,0,0,,0.0,1
161004021,0,3.157142857142857,0.2,0.23529411764705882,0,2,35,11,161004021,2017-2,M,12.0,12.0,N,3,G,U,1,10,10,10,0,3,16.69926278838444,0,0,0,1,2,287.0,62.0,54.0,58.0,0,3.2,0,0,0,3.0,INGENIERIA ELECTRONICA,Electrónica,0,1,0,3,0,0,,0.0,1
161004023,0,3.806451612903226,0.0,0.0,0,1,31,10,161004023,2017-2,M,12.0,5.0,N,3,P,U,1,10,4,10,0,3,16.195056784687036,0,1,0,1,1,302.0,57.0,62.0,57.0,0,3.2,1,1,0,3.9,INGENIERIA ELECTRONICA,Electrónica,0,1,0,5,0,0,,0.0,1
161004026,1,2.5,0.43243243243243246,0.5789473684210527,1,2,37,12,161004026,2017-2,M,8.0,5.0,N,2,G,U,1,6,4,6,0,2,17.08866708447209,0,0,0,2,2,297.0,54.0,63.0,61.0,0,2.7,0,0,1,2.0,INGENIERIA ELECTRONICA,Electrónica,0,1,0,3,1,0,2019-2,1.0,1
161004027,0,4.548387096774194,0.0,0.0,0,1,31,10,161004027,2017-2,M,14.0,14.0,N,3,G,R,1,12,12,12,0,3,15.319588176962746,2,0,1,2,2,335.0,79.0,62.0,69.0,0,4.7,0,1,0,4.4,INGENIERIA ELECTRONICA,Electrónica,0,1,0,9,0,0,,0.0,1
161004029,1,3.1875,0.4375,0.4117647058823529,0,2,32,10,161004029,2017-2,M,2.0,2.0,N,2,G,U,1,1,1,1,0,2,16.069104651622855,2,0,0,1,2,279.0,60.0,64.0,59.0,0,3.2,1,0,0,3.4,INGENIERIA ELECTRONICA,Electrónica,0,1,0,4,1,0,2024-1,1.0,1
161004033,0,3.2216216216216216,0.2702702702702703,0.3684210526315789,0,2,37,11,161004033,2017-2,M,5.0,,N,1,G,U,1,4,0,4,0,1,16.077273760604726,1,0,0,1,2,308.0,59.0,62.0,64.0,0,3.2,0,1,0,3.6,INGENIERIA ELECTRONICA,Electrónica,0,1,0,12,0,0,,0.0,1
161004036,0,3.135135135135135,0.1891891891891892,0.21052631578947367,0,2,37,11,161004036,2017-2,M,14.0,8.0,N,3,G,U,1,12,6,12,0,3,17.214228568524558,0,0,0,2,2,289.0,57.0,57.0,62.0,0,3.4,0,1,0,3.6,INGENIERIA ELECTRONICA,Electrónica,0,1,0,12,0,0,,0.0,1
161004039,0,2.9378378378378374,0.35135135135135137,0.42105263157894735,0,2,37,12,161004039,2017-2,M,7.0,11.0,N,3,P,U,1,5,9,9,0,3,15.939089551955083,3,1,0,1,3,318.0,70.0,57.0,54.0,0,3.2,0,0,1,2.4,INGENIERIA ELECTRONICA,Electrónica,0,1,0,3,0,0,,0.0,1
161004041,0,3.6971428571428575,0.08571428571428572,0.0,0,2,35,11,161004041,2017-2,M,5.0,5.0,N,3,G,U,1,4,4,4,0,3,15.607270193858982,1,0,0,1,2,310.0,60.0,63.0,66.0,0,3.7,0,1,0,3.7,INGENIERIA ELECTRONICA,Electrónica,0,1,0,11,0,0,,0.0,1
161004043,0,2.5103448275862075,0.3448275862068966,0.21428571428571427,0,2,29,9,161004043,2017-2,M,,2.0,N,1,G,U,1,0,1,1,0,1,15.38412668421143,1,0,0,1,1,338.0,67.0,62.0,66.0,0,3.2,1,0,0,3.1,INGENIERIA ELECTRONICA,Electrónica,0,1,0,6,0,0,,0.0,1
161004044,0,2.7842105263157895,0.34210526315789475,0.5,0,2,38,12,161004044,2017-2,M,8.0,10.0,N,3,G,U,1,6,8,8,0,3,16.91693533706135,0,0,0,1,1,281.0,55.0,57.0,60.0,0,3.2,0,0,1,2.6,INGENIERIA ELECTRONICA,Electrónica,0,1,0,3,0,0,,0.0,1
161004050,0,3.692592592592592,0.0,0.0,0,1,27,9,161004050,2017-2,M,5.0,8.0,N,2,G,U,1,4,6,6,0,2,15.999312227580958,0,0,0,2,2,274.0,54.0,53.0,56.0,0,3.2,1,1,0,3.8,INGENIERIA ELECTRONICA,Electrónica,0,1,0,5,0,0,,0.0,1
161004051,0,2.591666666666667,0.4444444444444444,0.8888888888888888,1,1,36,11,161004051,2017-2,M,2.0,2.0,N,2,G,U,1,1,1,1,0,2,16.097893045681612,1,0,0,1,2,284.0,58.0,56.0,57.0,0,3.2,1,0,1,2.6,INGENIERIA ELECTRONICA,Electrónica,0,1,0,2,0,0,,0.0,1
161004055,0,3.235135135135135,0.1891891891891892,0.21052631578947367,0,2,37,11,161004055,2017-2,M,4.0,2.0,S,1,G,U,1,3,1,3,1,1,16.48273883399067,1,0,0,1,1,265.0,59.0,55.0,58.0,0,3.4,0,1,0,3.6,INGENIERIA ELECTRONICA,Electrónica,0,1,0,13,0,0,,0.0,1
161004100,0,3.569565217391305,0.0,0.0,0,1,23,8,161004100,2018-1,M,,4.0,S,2,G,U,1,0,3,3,1,2,16.012735246411598,2,0,0,2,1,331.0,66.0,70.0,65.0,1,3.7,0,1,0,3.6,INGENIERIA ELECTRONICA,Electrónica,0,1,0,13,0,0,,0.0,1
161004102,0,2.35,0.5,0.75,1,2,24,8,161004102,2018-1,M,5.0,10.0,N,1,G,U,1,4,8,8,0,1,16.521652272397134,2,0,0,1,3,337.0,67.0,70.0,66.0,1,3.2,1,0,0,3.2,INGENIERIA ELECTRONICA,Electrónica,0,1,0,3,0,0,,0.0,1
161004103,0,3.686363636363636,0.18181818181818182,0.2222222222222222,0,2,22,7,161004103,2018-1,M,8.0,8.0,N,3,P,U,1,6,6,6,0,3,14.914123179965662,0,1,0,1,1,365.0,76.0,78.0,70.0,1,3.6,0,0,1,2.6,INGENIERIA ELECTRONICA,Electrónica,0,1,0,3,0,0,,0.0,1
161004104,0,3.6318181818181823,0.18181818181818182,0.2222222222222222,0,2,22,7,161004104,2018-1,M,5.0,8.0,N,2,G,U,1,4,6,6,0,2,17.418777683236886,1,0,0,2,2,359.0,67.0,75.0,68.0,1,3.8,0,0,0,3.8,INGENIERIA ELECTRONICA,Electrónica,0,1,0,13,0,0,,0.0,1
161004105,0,2.887878787878788,0.45454545454545453,0.26666666666666666,1,2,33,11,161004105,2018-1,M,4.0,11.0,S,1,G,U,1,3,9,9,1,1,16.300417291085605,1,0,0,2,1,300.0,65.0,55.0,58.0,1,2.5,0,0,1,2.9,INGENIERIA ELECTRONICA,Electrónica,0,1,0,2,0,0,,0.0,1
161004106,0,3.388888888888889,0.2222222222222222,0.4444444444444444,0,1,36,11,161004106,2018-1,M,10.0,5.0,N,3,G,U,1,8,4,8,0,3,16.80587851928805,2,0,0,1,2,334.0,73.0,63.0,66.0,1,3.8,0,1,0,3.8,INGENIERIA ELECTRONICA,Electrónica,0,1,0,11,0,0,,0.0,1
161004107,0,3.4310344827586206,0.27586206896551724,0.0,0,2,29,8,161004107,2018-1,M,3.0,5.0,N,3,G,U,1,2,4,4,0,3,15.789591722875162,0,0,0,1,2,336.0,62.0,68.0,66.0,1,3.2,1,1,0,3.6,INGENIERIA ELECTRONICA,Electrónica,0,1,0,11,0,0,,0.0,1
161004108,0,3.9000000000000004,0.0,0.0,0,1,31,10,161004108,2018-1,M,14.0,14.0,N,3,G,U,1,12,12,12,0,3,17.41301329356189,0,0,0,1,1,316.0,74.0,50.0,62.0,1,3.2,1,1,0,4.0,INGENIERIA ELECTRONICA,Electrónica,0,1,0,4,0,0,,0.0,1
161004109,1,3.2363636363636363,0.18181818181818182,0.2222222222222222,0,2,22,7,161004109,2018-1,M,5.0,12.0,N,2,G,U,1,4,10,10,0,2,17.09912492146521,0,0,0,1,2,317.0,72.0,54.0,71.0,1,3.3,0,0,1,2.1,INGENIERIA ELECTRONICA,Electrónica,0,1,0,3,1,0,2018-2,1.0,1
161004111,0,2.7416666666666663,0.4444444444444444,0.8888888888888888,1,1,36,11,161004111,2018-1,M,10.0,10.0,N,3,G,U,1,8,8,8,0,3,15.86963441986494,2,0,0,1,2,317.0,67.0,62.0,63.0,1,3.6,0,0,0,3.0,INGENIERIA ELECTRONICA,Electrónica,0,1,0,3,0,0,,0.0,1
161004112,0,3.286111111111111,0.3333333333333333,0.6666666666666666,1,1,36,11,161004112,2018-1,F,2.0,2.0,N,1,G,R,0,1,1,1,0,1,15.607270193858982,1,0,1,1,2,331.0,70.0,66.0,71.0,1,3.9,0,1,0,3.9,INGENIERIA ELECTRONICA,Electrónica,0,1,0,12,0,0,,0.0,1
161004114,0,2.6555555555555554,0.4444444444444444,0.8888888888888888,1,1,36,11,161004114,2018-1,M,5.0,5.0,N,3,G,U,1,4,4,4,0,3,16.912426682040923,4,0,0,1,2,332.0,64.0,66.0,62.0,1,3.5,0,0,1,2.7,INGENIERIA ELECTRONICA,Electrónica,0,1,0,2,0,0,,0.0,1
161004115,0,4.260526315789473,0.0,0.0,0,1,38,12,161004115,2018-1,M,,10.0,N,2,G,U,1,0,8,8,0,2,15.928563480057516,2,0,0,3,1,354.0,81.0,69.0,81.0,1,4.5,0,1,0,3.9,INGENIERIA ELECTRONICA,Electrónica,0,1,0,11,0,0,,0.0,1
161004119,0,3.054054054054054,0.40540540540540543,0.5789473684210527,1,2,37,12,161004119,2018-1,M,2.0,2.0,N,1,G,R,1,1,1,1,0,1,15.81220602240765,1,0,1,1,2,327.0,72.0,54.0,69.0,1,3.4,0,0,0,3.1,INGENIERIA ELECTRONICA,Electrónica,0,1,0,2,0,0,,0.0,1
161004123,0,3.959375,0.125,0.23529411764705882,0,1,32,10,161004123,2018-1,M,5.0,5.0,N,3,G,U,1,4,4,4,0,3,15.38412668421143,3,0,0,2,1,321.0,74.0,61.0,63.0,1,3.2,1,1,0,4.0,INGENIERIA ELECTRONICA,Electrónica,0,1,0,7,0,0,,0.0,1
161004124,1,3.527272727272727,0.18181818181818182,0.2222222222222222,0,2,22,7,161004124,2018-1,M,,12.0,N,3,P,U,1,0,10,10,0,3,16.795614746682222,1,1,0,1,1,318.0,65.0,64.0,63.0,1,3.6,0,0,1,2.6,INGENIERIA ELECTRONICA,Electrónica,0,1,0,3,1,0,2018-2,1.0,1
161004126,0,3.084375,0.375,0.5714285714285714,1,2,32,10,161004126,2018-1,M,8.0,12.0,N,3,P,U,1,6,10,10,0,3,17.332236613896384,1,1,0,1,2,347.0,75.0,69.0,69.0,1,3.5,0,0,1,2.7,INGENIERIA ELECTRONICA,Electrónica,0,1,0,3,0,0,,0.0,1
161004127,1,3.227272727272727,0.36363636363636365,0.2222222222222222,0,2,22,7,161004127,2018-1,M,4.0,8.0,N,2,P,U,1,3,6,6,0,2,15.978833698567334,2,1,0,1,1,320.0,70.0,63.0,70.0,1,3.6,0,0,1,2.1,INGENIERIA ELECTRONICA,Electrónica,0,1,0,3,1,0,2018-2,1.0,1
161004128,0,2.6277777777777778,0.4444444444444444,0.8888888888888888,1,1,36,11,161004128,2018-1,M,3.0,12.0,N,3,P,U,1,2,10,10,0,3,16.462329261471524,0,1,0,1,2,337.0,68.0,63.0,70.0,1,3.4,0,0,1,2.6,INGENIERIA ELECTRONICA,Electrónica,0,1,0,2,0,0,,0.0,1
161004130,0,4.037931034482758,0.0,0.0,0,1,29,9,161004130,2018-1,M,14.0,14.0,N,3,G,U,1,12,12,12,0,3,17.451219113990266,1,0,0,1,2,325.0,64.0,60.0,65.0,1,3.2,1,1,0,4.0,INGENIERIA ELECTRONICA,Electrónica,0,1,0,7,0,0,,0.0,1
161004132,1,3.586486486486486,0.21621621621621623,0.21052631578947367,0,2,37,12,161004132,2018-1,M,,,N,1,G,R,1,0,0,0,0,1,15.928628746864014,1,0,1,4,1,339.0,77.0,68.0,72.0,1,3.4,0,0,0,3.0,INGENIERIA ELECTRONICA,Electrónica,0,1,0,4,1,0,2019-2,1.0,1
161004133,0,2.4555555555555557,0.4444444444444444,0.8888888888888888,1,1,36,11,161004133,2018-1,M,3.0,8.0,N,1,G,U,1,2,6,6,0,1,15.789591722875162,3,0,0,2,1,296.0,59.0,63.0,61.0,1,3.4,0,0,1,2.5,INGENIERIA ELECTRONICA,Electrónica,0,1,0,2,0,0,,0.0,1
161004139,0,3.309090909090909,0.36363636363636365,0.2222222222222222,0,2,22,7,161004139,2018-1,F,5.0,11.0,N,2,G,U,0,4,9,9,0,2,16.635508312478343,2,0,0,1,1,319.0,70.0,67.0,61.0,1,3.4,0,0,1,2.7,INGENIERIA ELECTRONICA,Electrónica,0,1,0,3,0,0,,0.0,1
161004141,0,3.130555555555555,0.3333333333333333,0.6666666666666666,1,1,36,11,161004141,2018-1,M,8.0,12.0,N,2,G,R,1,6,10,10,0,2,16.59847569601271,3,0,1,1,2,320.0,65.0,68.0,69.0,1,3.7,0,0,0,3.4,INGENIERIA ELECTRONICA,Electrónica,0,1,0,3,0,0,,0.0,1
161004142,0,3.3666666666666667,0.2222222222222222,0.4444444444444444,0,1,36,11,161004142,2018-1,M,5.0,4.0,N,2,G,U,1,4,3,4,0,2,16.48273883399067,2,0,0,2,1,321.0,71.0,52.0,63.0,1,3.8,0,1,0,4.1,INGENIERIA ELECTRONICA,Electrónica,0,1,0,12,0,0,,0.0,1
161004144,0,3.1206896551724137,0.27586206896551724,0.0,0,2,29,8,161004144,2018-1,M,10.0,4.0,N,3,G,U,1,8,3,8,0,3,16.300417291085605,3,0,0,1,2,313.0,62.0,68.0,65.0,1,3.2,1,0,0,3.2,INGENIERIA ELECTRONICA,Electrónica,0,1,0,7,0,0,,0.0,1
161004146,0,3.4722222222222223,0.1111111111111111,0.0,0,2,36,11,161004146,2018-1,F,4.0,5.0,N,2,G,U,0,3,4,4,0,2,16.077273760604726,3,0,0,2,1,332.0,73.0,73.0,73.0,1,3.5,0,1,0,4.0,INGENIERIA ELECTRONICA,Electrónica,0,1,0,11,0,0,,0.0,1
161004147,0,3.3590909090909093,0.18181818181818182,0.2222222222222222,0,2,22,7,161004147,2018-1,M,3.0,5.0,N,1,G,U,1,2,4,4,0,1,16.077273760604726,0,0,0,1,2,304.0,62.0,71.0,63.0,1,3.4,0,1,0,4.1,INGENIERIA ELECTRONICA,Electrónica,0,1,0,13,0,0,,0.0,1
161004148,0,3.072222222222222,0.3333333333333333,0.6666666666666666,1,1,36,11,161004148,2018-1,M,3.0,,N,2,G,U,1,2,0,2,0,2,15.9966058662884,1,0,0,2,1,308.0,67.0,66.0,58.0,1,3.7,0,1,0,3.6,INGENIERIA ELECTRONICA,Electrónica,0,1,0,14,0,0,,0.0,1
161004150,1,2.9454545454545453,0.36363636363636365,0.4444444444444444,0,2,22,7,161004150,2018-1,M,,11.0,N,3,P,U,1,0,9,9,0,3,16.336524184023652,0,1,0,2,1,316.0,63.0,65.0,59.0,1,2.9,0,0,1,2.0,INGENIERIA ELECTRONICA,Electrónica,0,1,0,3,1,0,2018-2,1.0,1
161004151,0,3.209090909090909,0.36363636363636365,0.2222222222222222,0,2,22,7,161004151,2018-1,M,,12.0,N,2,G,U,1,0,10,10,0,2,16.053546996436072,2,0,0,1,2,313.0,61.0,59.0,65.0,1,3.3,0,0,1,2.9,INGENIERIA ELECTRONICA,Electrónica,0,1,0,4,0,0,,0.0,1
164004000,1,3.088888888888889,0.2222222222222222,0.4444444444444444,0,1,36,11,164004000,2017-2,F,5.0,7.0,N,2,G,U,0,4,5,5,0,2,15.928562029635655,1,0,0,1,1,298.0,64.0,58.0,58.0,0,3.3,0,0,1,2.7,BIOLOGIA,Biología,0,0,1,3,1,0,2018-2,1.0,1
164004004,0,2.2529411764705887,0.5294117647058824,0.625,1,2,34,11,164004004,2017-2,M,8.0,2.0,S,1,P,U,1,6,1,6,1,1,16.249124001084017,2,1,0,5,1,302.0,58.0,66.0,67.0,0,2.7,0,0,1,2.3,BIOLOGIA,Biología,0,0,1,2,0,0,,0.0,1
164004007,0,3.5222222222222226,0.1111111111111111,0.2222222222222222,0,1,36,11,164004007,2017-2,F,2.0,5.0,N,2,G,U,0,1,4,4,0,2,16.48551276068103,2,0,0,2,2,326.0,66.0,75.0,62.0,0,3.9,0,0,0,3.6,BIOLOGIA,Biología,0,0,1,13,0,0,,0.0,1
164004009,0,2.85,0.375,0.2857142857142857,0,2,32,10,164004009,2017-2,M,,5.0,S,2,G,R,1,0,4,4,1,2,15.38412668421143,2,0,1,2,3,318.0,59.0,67.0,57.0,0,2.8,0,0,1,2.9,BIOLOGIA,Biología,0,0,1,2,0,0,,0.0,1
164004010,0,2.84375,0.5625,0.7142857142857143,1,2,32,10,164004010,2017-2,M,5.0,5.0,S,3,G,U,1,4,4,4,1,3,16.784812558820658,2,0,0,1,1,263.0,57.0,61.0,51.0,0,2.9,0,0,1,2.4,BIOLOGIA,Biología,0,0,1,3,0,0,,0.0,1
164004011,1,3.2171428571428575,0.22857142857142856,0.23529411764705882,0,2,35,11,164004011,2017-2,F,4.0,4.0,N,2,G,U,0,3,3,3,0,2,15.789591722875162,2,0,0,2,2,306.0,63.0,62.0,62.0,0,3.1,0,0,1,2.5,BIOLOGIA,Biología,0,0,1,3,1,0,2018-2,1.0,1
164004012,1,2.8,0.4,0.3333333333333333,0,2,25,8,164004012,2017-2,M,12.0,8.0,N,3,G,U,1,10,6,10,0,3,15.38412668421143,2,0,0,5,1,306.0,63.0,62.0,62.0,0,3.0,0,0,1,2.8,BIOLOGIA,Biología,0,0,1,12,1,1,2020-1,1.0,1
164004014,1,2.19375,0.5,0.8571428571428571,1,2,32,10,164004014,2017-2,F,4.0,5.0,N,2,G,U,0,3,4,4,0,2,15.607270193858982,2,0,0,1,2,306.0,63.0,62.0,62.0,0,3.2,0,0,1,2.0,BIOLOGIA,Biología,0,0,1,3,1,0,2021-1,1.0,1
164004015,0,3.227272727272727,0.18181818181818182,0.0,0,1,22,7,164004015,2017-2,F,5.0,8.0,N,2,P,U,0,4,6,6,0,2,15.928870438678883,3,1,0,1,1,268.0,58.0,48.0,53.0,0,3.2,0,1,0,3.6,BIOLOGIA,Biología,0,0,1,13,0,0,,0.0,1
164004016,0,3.1944444444444446,0.3333333333333333,0.6666666666666666,1,1,36,11,164004016,2017-2,F,4.0,1.0,N,2,G,U,0,3,0,3,0,2,15.501909696719672,2,0,0,2,1,263.0,50.0,54.0,59.0,0,3.7,0,0,0,3.2,BIOLOGIA,Biología,0,0,1,2,0,0,,0.0,1
164004017,0,3.772727272727273,0.0,0.0,0,1,22,7,164004017,2017-2,F,5.0,4.0,N,3,P,U,0,4,3,4,0,3,16.70454380934903,1,1,0,1,2,306.0,64.0,57.0,62.0,0,3.7,0,0,0,3.6,BIOLOGIA,Biología,0,0,1,12,0,0,,0.0,1
164004019,0,2.6555555555555554,0.5555555555555556,0.8888888888888888,1,2,36,11,164004019,2017-2,M,14.0,14.0,N,3,G,U,1,12,12,12,0,3,16.300417291085605,0,0,0,1,2,288.0,68.0,47.0,58.0,0,3.4,0,0,1,2.7,BIOLOGIA,Biología,0,0,1,2,0,0,,0.0,1
164004023,0,3.644444444444444,0.1111111111111111,0.2222222222222222,0,1,36,11,164004023,2017-2,M,5.0,11.0,N,1,G,U,1,4,9,9,0,1,16.76484343717976,2,0,0,2,1,320.0,64.0,66.0,68.0,0,4.0,0,1,0,3.8,BIOLOGIA,Biología,0,0,1,11,0,0,,0.0,1
164004025,0,3.6611111111111114,0.2222222222222222,0.4444444444444444,0,1,36,11,164004025,2017-2,F,7.0,5.0,S,1,G,U,0,5,4,5,1,1,16.48273883399067,3,0,0,1,2,273.0,54.0,50.0,57.0,0,4.2,0,1,0,3.8,BIOLOGIA,Biología,0,0,1,11,0,0,,0.0,1
164004027,0,2.9722222222222223,0.4444444444444444,0.8888888888888888,1,1,36,11,164004027,2017-2,M,12.0,2.0,S,1,G,U,1,10,1,10,1,1,15.996221872109553,1,0,0,5,1,271.0,55.0,50.0,63.0,0,3.4,0,0,0,3.0,BIOLOGIA,Biología,0,0,1,2,0,0,,0.0,1
164004028,0,3.8454545454545452,0.0,0.0,0,1,22,7,164004028,2017-2,M,5.0,5.0,N,2,G,U,1,4,4,4,0,2,15.943742382861156,2,0,0,2,1,268.0,63.0,51.0,58.0,0,3.8,0,0,0,3.0,BIOLOGIA,Biología,0,0,1,9,0,0,,0.0,1
164004029,0,3.1028571428571428,0.22857142857142856,0.23529411764705882,0,2,35,11,164004029,2017-2,M,2.0,2.0,S,2,G,U,1,1,1,1,1,2,15.928562029635655,2,0,0,1,2,306.0,63.0,62.0,62.0,0,3.1,0,0,1,2.9,BIOLOGIA,Biología,0,0,1,3,0,0,,0.0,1
164004032,0,3.083870967741935,0.3870967741935484,0.6153846153846154,1,2,31,10,164004032,2017-2,M,5.0,3.0,S,1,P,U,1,4,2,4,1,1,16.705882371415992,2,1,0,1,1,281.0,67.0,58.0,49.0,0,3.2,0,0,1,2.8,BIOLOGIA,Biología,0,0,1,6,0,0,,0.0,1
164004034,0,3.0833333333333335,0.4444444444444444,0.8888888888888888,1,1,36,11,164004034,2017-2,M,4.0,5.0,N,3,G,R,1,3,4,4,0,3,15.996199279624104,0,0,1,2,2,380.0,88.0,66.0,69.0,0,3.5,0,0,1,2.8,BIOLOGIA,Biología,0,0,1,3,0,0,,0.0,1
164004035,0,3.716666666666667,0.0,0.0,0,1,36,11,164004035,2017-2,F,4.0,5.0,N,2,G,U,0,3,4,4,0,2,14.708503184470732,0,0,0,1,2,262.0,54.0,57.0,50.0,0,4.0,0,0,0,3.6,BIOLOGIA,Biología,0,0,1,12,0,0,,0.0,1
164004037,0,3.622222222222222,0.1111111111111111,0.2222222222222222,0,1,36,11,164004037,2017-2,M,11.0,5.0,S,3,G,U,1,9,4,9,1,3,16.79769051228684,0,0,0,1,2,360.0,78.0,65.0,69.0,0,4.0,0,0,0,3.7,BIOLOGIA,Biología,0,0,1,12,0,0,,0.0,1
164004038,0,3.4909090909090907,0.0,0.0,0,1,22,7,164004038,2017-2,F,10.0,12.0,N,3,G,U,0,8,10,10,0,3,16.072261219304632,0,0,0,1,2,286.0,56.0,55.0,57.0,0,3.6,0,0,0,3.0,BIOLOGIA,Biología,0,0,1,4,0,0,,0.0,1
164004039,0,3.238888888888889,0.1111111111111111,0.2222222222222222,0,1,36,11,164004039,2017-2,F,5.0,5.0,N,3,P,U,0,4,4,4,0,3,17.720790902660337,0,1,0,2,2,247.0,56.0,49.0,45.0,0,3.7,0,0,0,3.2,BIOLOGIA,Biología,0,0,1,8,0,0,,0.0,1
164004041,0,2.7363636363636363,0.5454545454545454,0.0,1,1,22,7,164004041,2017-2,F,5.0,5.0,N,2,G,U,0,4,4,4,0,2,15.607270193858982,1,0,0,1,2,242.0,44.0,47.0,54.0,0,2.7,0,1,0,3.6,BIOLOGIA,Biología,0,0,1,13,0,0,,0.0,1
164004046,0,3.090909090909091,0.36363636363636365,1.0,0,1,22,7,164004046,2017-2,F,1.0,2.0,N,1,G,U,0,0,1,1,0,1,15.943742382861156,2,0,0,5,2,267.0,47.0,59.0,58.0,0,3.2,0,0,0,3.0,BIOLOGIA,Biología,0,0,1,3,0,0,,0.0,1
164004100,0,3.5588235294117645,0.11764705882352941,0.0,0,2,34,10,164004100,2018-1,F,2.0,4.0,N,1,G,U,0,1,3,3,0,1,15.789591722875162,2,0,0,2,2,317.0,54.0,68.0,68.0,1,3.5,0,1,0,3.9,BIOLOGIA,Biología,0,0,1,10,0,0,,0.0,1
164004101,0,3.2705882352941176,0.23529411764705882,0.25,0,2,34,11,164004101,2018-1,F,12.0,14.0,N,3,P,U,0,10,12,12,0,3,16.705882371415992,0,1,0,5,1,275.0,51.0,59.0,54.0,1,3.2,0,0,0,3.7,BIOLOGIA,Biología,0,0,1,14,0,0,,0.0,1
164004102,0,2.942105263157895,0.42105263157894735,0.6,1,2,38,12,164004102,2018-1,F,5.0,5.0,N,3,G,U,0,4,4,4,0,3,16.310433625530564,2,0,0,1,2,279.0,66.0,59.0,59.0,1,3.2,0,0,0,3.0,BIOLOGIA,Biología,0,0,1,3,0,0,,0.0,1
164004104,0,3.05625,0.25,0.0,0,2,32,10,164004104,2018-1,F,11.0,11.0,N,3,G,U,0,9,9,9,0,3,15.38412668421143,0,0,0,1,2,294.0,57.0,59.0,59.0,1,3.0,0,0,1,2.8,BIOLOGIA,Biología,0,0,1,4,0,0,,0.0,1
164004105,0,3.0,0.25,0.2857142857142857,0,2,32,10,164004105,2018-1,F,5.0,5.0,N,2,G,U,0,4,4,4,0,2,16.886943866216615,4,0,0,2,2,294.0,57.0,61.0,62.0,1,3.0,0,0,1,2.8,BIOLOGIA,Biología,0,0,1,3,0,0,,0.0,1
164004106,0,3.2529411764705882,0.23529411764705882,0.25,0,2,34,11,164004106,2018-1,F,11.0,12.0,N,2,P,U,0,9,10,10,0,2,15.943742382861156,0,1,0,2,2,0.0,0.0,0.0,0.0,1,3.3,0,0,0,3.0,BIOLOGIA,Biología,0,0,1,4,0,0,,0.0,1
164004107,0,2.264705882352941,0.5882352941176471,0.875,1,2,34,11,164004107,2018-1,M,,12.0,N,2,G,U,1,0,10,10,0,2,15.607270193858982,2,0,0,2,1,282.0,65.0,53.0,60.0,1,3.0,0,0,1,2.3,BIOLOGIA,Biología,0,0,1,2,0,0,,0.0,1
164004108,0,2.818181818181818,0.36363636363636365,0.2222222222222222,0,2,22,7,164004108,2018-1,M,10.0,8.0,N,2,G,U,1,8,6,8,0,2,16.152613109591034,2,0,0,1,1,276.0,60.0,55.0,61.0,1,3.1,0,0,1,2.8,BIOLOGIA,Biología,0,0,1,2,0,0,,0.0,1
164004110,0,3.06875,0.25,0.2857142857142857,0,2,32,10,164004110,2018-1,F,3.0,3.0,N,1,G,U,0,2,2,2,0,1,15.56644820628317,2,0,0,2,2,293.0,49.0,60.0,50.0,1,3.1,0,0,0,3.3,BIOLOGIA,Biología,0,0,1,15,0,0,,0.0,1
164004112,0,3.088235294117647,0.35294117647058826,0.25,0,2,34,11,164004112,2018-1,M,7.0,8.0,N,2,G,U,1,5,6,6,0,2,15.996222323954052,1,0,0,1,1,298.0,56.0,62.0,71.0,1,2.9,0,0,0,3.5,BIOLOGIA,Biología,0,0,1,12,0,0,,0.0,1
164004113,0,3.5500000000000003,0.0,0.0,0,1,36,11,164004113,2018-1,F,,8.0,S,1,G,U,0,0,6,6,1,1,15.789591722875162,1,0,0,2,1,301.0,64.0,58.0,60.0,1,3.8,0,0,0,3.7,BIOLOGIA,Biología,0,0,1,10,0,0,,0.0,1
164004115,0,2.9378378378378374,0.43243243243243246,0.42105263157894735,0,2,37,12,164004115,2018-1,M,3.0,,N,2,G,U,1,2,0,2,0,2,15.767118870179669,2,0,0,1,2,308.0,62.0,64.0,67.0,1,3.0,0,0,1,2.9,BIOLOGIA,Biología,0,0,1,3,0,0,,0.0,1
164004116,0,2.9909090909090907,0.5454545454545454,0.4444444444444444,0,2,22,7,164004116,2018-1,F,4.0,8.0,N,3,G,U,0,3,6,6,0,3,16.077273760604726,2,0,0,2,1,289.0,52.0,56.0,66.0,1,3.0,0,0,0,3.5,BIOLOGIA,Biología,0,0,1,14,0,0,,0.0,1
164004118,0,3.3272727272727276,0.18181818181818182,0.2222222222222222,0,2,22,7,164004118,2018-1,F,2.0,14.0,N,3,G,U,0,1,12,12,0,3,17.181426160012176,0,0,0,1,1,325.0,65.0,62.0,65.0,1,3.4,0,0,0,3.2,BIOLOGIA,Biología,0,0,1,3,0,0,,0.0,1
164004120,0,2.5,0.6363636363636364,0.5555555555555556,1,2,22,7,164004120,2018-1,F,5.0,8.0,N,2,G,U,0,4,6,6,0,2,16.830387644462803,2,0,0,2,1,302.0,58.0,63.0,50.0,1,2.6,0,0,1,2.9,BIOLOGIA,Biología,0,0,1,3,0,0,,0.0,1
164004123,0,2.66875,0.625,0.8571428571428571,1,2,32,10,164004123,2018-1,F,12.0,12.0,N,3,G,U,0,10,10,10,0,3,15.92303104530192,1,0,0,1,2,281.0,54.0,55.0,55.0,1,2.9,0,0,1,2.7,BIOLOGIA,Biología,0,0,1,2,0,0,,0.0,1
164004124,0,3.289473684210526,0.15789473684210525,0.2,0,2,38,12,164004124,2018-1,M,5.0,12.0,N,3,P,U,1,4,10,10,0,3,17.136763388246518,0,1,0,2,1,351.0,79.0,64.0,70.0,1,3.4,0,0,0,3.1,BIOLOGIA,Biología,0,0,1,3,0,0,,0.0,1
164004126,0,3.15,0.25,0.2857142857142857,0,2,32,10,164004126,2018-1,F,12.0,11.0,N,2,P,U,0,10,9,10,0,2,16.53961020820183,3,1,0,1,1,301.0,59.0,65.0,58.0,1,3.2,0,0,0,3.4,BIOLOGIA,Biología,0,0,1,14,0,0,,0.0,1
164004128,0,2.7823529411764705,0.7058823529411765,0.75,2,2,34,11,164004128,2018-1,F,,8.0,S,3,G,U,0,0,6,6,1,3,16.756195182563577,3,0,0,2,1,313.0,64.0,63.0,66.0,1,2.9,0,0,1,2.8,BIOLOGIA,Biología,0,0,1,2,0,0,,0.0,1
164004131,0,2.3727272727272726,0.6363636363636364,0.5555555555555556,1,2,22,7,164004131,2018-1,F,5.0,12.0,S,1,G,R,0,4,10,10,1,1,16.41820031748273,1,0,1,1,2,277.0,58.0,56.0,56.0,1,2.5,0,0,1,2.8,BIOLOGIA,Biología,0,0,1,3,0,0,,0.0,1
164004132,0,3.4833333333333334,0.1111111111111111,0.2222222222222222,0,1,36,11,164004132,2018-1,F,3.0,4.0,N,2,G,U,0,2,3,3,0,2,15.38412668421143,0,0,0,1,1,308.0,68.0,56.0,67.0,1,3.7,0,0,0,3.8,BIOLOGIA,Biología,0,0,1,11,0,0,,0.0,1
164004133,0,2.7473684210526317,0.42105263157894735,0.7,1,2,38,12,164004133,2018-1,M,5.0,12.0,S,2,G,U,1,4,10,10,1,2,16.29446628608956,0,0,0,1,1,366.0,65.0,74.0,71.0,1,2.9,0,0,1,2.7,BIOLOGIA,Biología,0,0,1,3,0,0,,0.0,1
164004134,0,3.877777777777778,0.0,0.0,0,1,36,11,164004134,2018-1,F,3.0,5.0,N,1,G,U,0,2,4,4,0,1,16.077273760604726,0,0,0,1,2,329.0,74.0,62.0,66.0,1,4.0,0,1,0,4.0,BIOLOGIA,Biología,0,0,1,9,0,0,,0.0,1
164004135,0,2.8588235294117648,0.4117647058823529,0.25,1,2,34,11,164004135,2018-1,F,,10.0,N,2,G,U,0,0,8,8,0,2,16.320644663096893,2,0,0,2,1,309.0,62.0,63.0,65.0,1,2.8,0,0,0,3.3,BIOLOGIA,Biología,0,0,1,14,0,0,,0.0,1
164004139,0,2.8947368421052633,0.3684210526315789,0.6,1,2,38,12,164004139,2018-1,M,5.0,3.0,N,2,G,U,1,4,2,4,0,2,15.928628746864014,1,0,0,1,2,329.0,69.0,66.0,64.0,1,3.2,0,0,1,2.9,BIOLOGIA,Biología,0,0,1,4,0,0,,0.0,1
164004140,0,2.3454545454545457,0.6363636363636364,0.5555555555555556,1,2,22,7,164004140,2018-1,M,12.0,12.0,N,4,P,U,1,10,10,10,0,4,16.578049007481866,0,1,0,1,2,0.0,0.0,0.0,0.0,1,2.6,0,0,1,2.6,BIOLOGIA,Biología,0,0,1,3,0,0,,0.0,1
164004141,0,2.6529411764705886,0.5882352941176471,0.75,1,2,34,11,164004141,2018-1,F,5.0,5.0,S,1,G,U,0,4,4,4,1,1,15.56644820628317,1,0,0,5,2,223.0,48.0,45.0,50.0,1,2.7,0,0,1,2.7,BIOLOGIA,Biología,0,0,1,2,0,0,,0.0,1
164004142,0,2.1857142857142855,0.6571428571428571,0.8823529411764706,1,2,35,11,164004142,2018-1,M,,12.0,S,2,G,R,1,0,10,10,1,2,16.48273883399067,2,0,1,1,1,253.0,42.0,55.0,52.0,1,2.8,0,0,1,2.2,BIOLOGIA,Biología,0,0,1,2,0,0,,0.0,1
164004143,0,3.283333333333333,0.2222222222222222,0.0,0,2,36,12,164004143,2018-1,F,5.0,5.0,N,2,G,U,0,4,4,4,0,2,15.943742382861156,2,0,0,2,1,212.0,43.0,49.0,51.0,1,3.1,0,0,0,3.5,BIOLOGIA,Biología,0,0,1,12,0,0,,0.0,1
164004147,0,2.783333333333333,0.5555555555555556,0.8888888888888888,1,2,36,11,164004147,2018-1,F,,5.0,N,2,G,U,0,0,4,4,0,2,16.042509771853315,2,0,0,2,1,251.0,54.0,56.0,54.0,1,3.2,0,0,1,2.7,BIOLOGIA,Biología,0,0,1,3,0,0,,0.0,1
164004148,0,2.7818181818181817,0.5454545454545454,0.4444444444444444,0,2,22,7,164004148,2018-1,M,8.0,12.0,S,1,G,U,1,6,10,10,1,1,16.903521876617294,2,0,0,4,1,232.0,55.0,53.0,38.0,1,2.8,0,0,1,2.8,BIOLOGIA,Biología,0,0,1,15,0,0,,0.0,1
