rank,materia,N,reprobados,tasa_reprobacion,promedio_aprobados,repitencia_media,indice,modelable
1,CALCULO INTEGRAL,55,18,0.3273,3.341,1.6,0.983,True
2,FISICA MECANICA,55,16,0.2909,3.318,1.636,0.9222,True
3,ALGEBRA LINEAL,72,21,0.2917,3.61,1.403,0.814,True
4,CALCULO DIFERENCIAL,74,20,0.2703,3.961,1.095,0.6229,True
5,ALGORITMIA Y PROGRAMACION,72,15,0.2083,3.735,1.153,0.5177,True
6,ELECTRICIDAD Y MAGNETISMO,38,3,0.0789,3.463,1.447,0.3796,False
7,SISTEMAS DIGITALES,44,7,0.1591,3.838,1.068,0.3723,False
8,PROGRAMACION ORIENTADA A OBJETOS,54,6,0.1111,3.675,1.259,0.3598,False
9,MATEMATICAS ESPECIALES,39,2,0.0513,3.543,1.436,0.3154,False
10,DESARROLLO DEL PENSAMIENTO LOGICO MATEMATICO,75,10,0.1333,3.678,1.053,0.3101,True
11,BASES DE DATOS,39,2,0.0513,3.427,1.385,0.2913,False
12,INTRODUCCION A LA INGENIERIA DE SISTEMAS,77,10,0.1299,3.904,1.0,0.2778,True
13,CALCULO MULTIVARIADO,39,3,0.0769,3.55,1.231,0.2734,False
14,PROCESOS COMUNICATIVOS,74,9,0.1216,3.685,1.0,0.2601,False
15,ECUACIONES DIFERENCIALES Y MODELADO MATEMATICO,43,3,0.0698,4.145,1.14,0.2153,False
16,PROCESAMIENTO DE SENALES E IMAGENES,37,2,0.0541,3.92,1.135,0.1794,False
17,METODOS NUMERICOS,39,1,0.0256,3.442,1.231,0.1637,False
18,INGENIERIA DE SOFTWARE I,38,2,0.0526,3.714,1.105,0.162,False
19,MATEMATICA DISCRETA,55,3,0.0545,3.296,1.091,0.1595,False
20,MAQUINAS DIGITALES,37,1,0.027,3.636,1.162,0.1342,False
21,ESTRUCTURAS DE DATOS,45,2,0.0444,3.686,1.067,0.1266,False
22,TEORIA GENERAL DE SISTEMAS,37,2,0.0541,3.814,1.0,0.1157,False
23,PROBABILIDAD Y ESTADISTICA,36,1,0.0278,3.434,1.083,0.0986,False
24,INGENIERIA DE SOFTWARE II,37,1,0.027,3.842,1.081,0.096,False
25,SISTEMAS OPERATIVOS,37,1,0.027,3.853,1.027,0.0705,False
26,ADMINISTRACION FINANCIERA PARA INGENIERIA,37,1,0.027,3.8,1.027,0.0705,False
27,DEMOCRACIA Y PAZ,39,1,0.0256,4.316,1.0,0.0548,False
28,CATEDRA DE LA ORINOQUIA,55,1,0.0182,3.833,1.018,0.0474,False
29,CIENCIA TECNOLOGIA Y DESARROLLO,46,1,0.0217,3.858,1.0,0.0464,False
30,CURSO DE PROFUNDIZACION I,32,0,0.0,4.088,1.062,0.0292,False
31,PROCESOS ESTOCASTICOS,36,0,0.0,3.7,1.056,0.0264,False
32,SISTEMAS DE COMUNICACIONES,36,0,0.0,3.956,1.056,0.0264,False
33,ALGORITMIA AVANZADA,32,0,0.0,3.912,1.031,0.0146,False
34,ELECTIVA PROFESIONAL 5,36,0,0.0,4.194,1.028,0.0132,False
35,ELECTIVA PROFESIONAL 1,38,0,0.0,4.289,1.026,0.0123,False
36,CURSO DE PROFUNDIZACION II,32,0,0.0,3.863,1.0,0.0,False
37,CONTROL ANALOGO,32,0,0.0,4.416,1.0,0.0,False
38,ARQUITECTURA EMPRESARIAL,36,0,0.0,4.406,1.0,0.0,False
39,CURSO DE PROFUNDIZACION III,32,0,0.0,4.031,1.0,0.0,False
40,ELECTIVA PROFESIONAL 3,36,0,0.0,4.114,1.0,0.0,False
41,ELECTIVA COMPLEMENTARIA,36,0,0.0,4.431,1.0,0.0,False
42,ELECTIVA PROFESIONAL 4,36,0,0.0,4.125,1.0,0.0,False
43,FORMULACION Y GESTION DE PROYECTOS TI,36,0,0.0,4.142,1.0,0.0,False
44,ELECTIVA PROFESIONAL 2,36,0,0.0,4.411,1.0,0.0,False
45,OSCILACIONES Y ONDAS,36,0,0.0,4.131,1.0,0.0,False
46,METODOLOGIA DE INVESTIGACION,36,0,0.0,3.994,1.0,0.0,False
47,OPTIMIZACION,36,0,0.0,4.106,1.0,0.0,False
48,REDES DE COMPUTADORES,36,0,0.0,3.944,1.0,0.0,False
49,SIMULACION COMPUTACIONAL,36,0,0.0,3.867,1.0,0.0,False
50,SISTEMAS DISTRIBUIDOS,37,0,0.0,4.565,1.0,0.0,False
