umbral,recall,precision,alertas,pct_cohorte
0.01,1.0,0.2375,80,1.0
0.02,1.0,0.2602739726027397,73,0.9125
0.03,0.9473684210526315,0.27692307692307694,65,0.8125
0.04,0.9473684210526315,0.2903225806451613,62,0.775
0.05,0.8947368421052632,0.30357142857142855,56,0.7
0.06,0.8421052631578947,0.3076923076923077,52,0.65
0.07,0.7894736842105263,0.30612244897959184,49,0.6125
0.08,0.7894736842105263,0.3125,48,0.6
0.09,0.7894736842105263,0.3125,48,0.6
0.1,0.7894736842105263,0.32608695652173914,46,0.575
0.11,0.7894736842105263,0.35714285714285715,42,0.525
0.12,0.7894736842105263,0.375,40,0.5
0.13,0.7894736842105263,0.38461538461538464,39,0.4875
0.14,0.7368421052631579,0.3783783783783784,37,0.4625
0.15,0.7368421052631579,0.3888888888888889,36,0.45
0.16,0.7368421052631579,0.4117647058823529,34,0.425
0.17,0.7368421052631579,0.4375,32,0.4
0.18,0.7368421052631579,0.4666666666666667,30,0.375
0.19,0.7368421052631579,0.4666666666666667,30,0.375
0.2,0.7368421052631579,0.5,28,0.35
0.21,0.7368421052631579,0.5,28,0.35
0.22,0.7368421052631579,0.5,28,0.35
0.23,0.6842105263157895,0.52,25,0.3125
0.24,0.6842105263157895,0.5652173913043478,23,0.2875
0.25,0.6842105263157895,0.6190476190476191,21,0.2625
0.26,0.6842105263157895,0.6190476190476191,21,0.2625
0.27,0.6842105263157895,0.6190476190476191,21,0.2625
0.28,0.6842105263157895,0.6842105263157895,19,0.2375
0.29,0.6842105263157895,0.6842105263157895,19,0.2375
0.3,0.631578947368421,0.7058823529411765,17,0.2125
0.31,0.631578947368421,0.7058823529411765,17,0.2125
0.32,0.631578947368421,0.7058823529411765,17,0.2125
0.33,0.631578947368421,0.7058823529411765,17,0.2125
0.34,0.631578947368421,0.7058823529411765,17,0.2125
0.35,0.631578947368421,0.7058823529411765,17,0.2125
0.36,0.631578947368421,0.7058823529411765,17,0.2125
0.37,0.631578947368421,0.7058823529411765,17,0.2125
0.38,0.631578947368421,0.7058823529411765,17,0.2125
0.39,0.631578947368421,0.7058823529411765,17,0.2125
0.4,0.631578947368421,0.7058823529411765,17,0.2125
0.41,0.631578947368421,0.7058823529411765,17,0.2125
0.42,0.631578947368421,0.7058823529411765,17,0.2125
0.43,0.631578947368421,0.7058823529411765,17,0.2125
0.44,0.631578947368421,0.7058823529411765,17,0.2125
0.45,0.631578947368421,0.75,16,0.2
0.46,0.631578947368421,0.75,16,0.2
0.47,0.631578947368421,0.75,16,0.2
0.48,0.631578947368421,0.75,16,0.2
0.49,0.631578947368421,0.75,16,0.2
0.5,0.631578947368421,0.75,16,0.2
0.51,0.631578947368421,0.75,16,0.2
0.52,0.631578947368421,0.75,16,0.2
0.53,0.631578947368421,0.75,16,0.2
0.54,0.631578947368421,0.75,16,0.2
0.55,0.631578947368421,0.8,15,0.1875
0.56,0.631578947368421,0.8,15,0.1875
0.57,0.631578947368421,0.8,15,0.1875
0.58,0.631578947368421,0.8,15,0.1875
0.59,0.631578947368421,0.8,15,0.1875
0.6,0.631578947368421,0.8,15,0.1875
0.61,0.631578947368421,0.8,15,0.1875
0.62,0.631578947368421,0.8571428571428571,14,0.175
0.63,0.631578947368421,0.9230769230769231,13,0.1625
0.64,0.631578947368421,1.0,12,0.15
0.65,0.5789473684210527,1.0,11,0.1375
0.66,0.5789473684210527,1.0,11,0.1375
0.67,0.5789473684210527,1.0,11,0.1375
0.68,0.5789473684210527,1.0,11,0.1375
0.69,0.5789473684210527,1.0,11,0.1375
0.7,0.5263157894736842,1.0,10,0.125
0.71,0.47368421052631576,1.0,9,0.1125
0.72,0.47368421052631576,1.0,9,0.1125
0.73,0.47368421052631576,1.0,9,0.1125
0.74,0.47368421052631576,1.0,9,0.1125
0.75,0.47368421052631576,1.0,9,0.1125
0.76,0.47368421052631576,1.0,9,0.1125
0.77,0.47368421052631576,1.0,9,0.1125
0.78,0.47368421052631576,1.0,9,0.1125
0.79,0.42105263157894735,1.0,8,0.1
0.8,0.42105263157894735,1.0,8,0.1
0.81,0.42105263157894735,1.0,8,0.1
0.82,0.42105263157894735,1.0,8,0.1
0.83,0.42105263157894735,1.0,8,0.1
0.84,0.42105263157894735,1.0,8,0.1
0.85,0.42105263157894735,1.0,8,0.1
0.86,0.42105263157894735,1.0,8,0.1
0.87,0.42105263157894735,1.0,8,0.1
0.88,0.42105263157894735,1.0,8,0.1
0.89,0.42105263157894735,1.0,8,0.1
0.9,0.3684210526315789,1.0,7,0.0875
0.91,0.3684210526315789,1.0,7,0.0875
0.92,0.3684210526315789,1.0,7,0.0875
0.93,0.3684210526315789,1.0,7,0.0875
0.94,0.3684210526315789,1.0,7,0.0875
0.95,0.3684210526315789,1.0,7,0.0875
