,caida_AUC_PR_media,sd,veces_positiva,MDI_referencia
prom_sem1,0.3028453938037271,0.18242769768383735,0.92,0.264111139026994
icfes_total,0.04286512438179104,0.10249709585461499,0.8,0.1372749827450446
icfes_mat,0.026403861570528236,0.05894183472778524,0.68,0.08181504355125994
sisben_nivel,0.01904402881069547,0.0313264287581592,0.64,0.045109455704166315
cohorte_encoded,0.018297396739063394,0.027240291528396476,0.76,0.02403285371180242
estrato,0.0066820941404274635,0.02694014527748659,0.6,0.031131543925374882
repitio_escolar,0.006460252401919064,0.04327482887660316,0.48,0.037292296277945884
nivel_edu_max_padres,0.005929010495677151,0.030911778553079982,0.52,0.04295902663965315
sexo,0.0029839567839567865,0.018657630118716042,0.28,0.007623100338033742
situacion_padres,0.0025939526522859835,0.022186349918946153,0.52,0.016728059744477424
zona_rural,-0.0005569504569504567,0.010150094316654786,0.2,0.008605610415550101
log_ingresos,-0.0009128359295026119,0.03845836611216791,0.36,0.08073245305336745
sin_primer_semestre,-0.0009493108743108844,0.006003949127004168,0.24,0.008789378748455914
vive_con,-0.0012082075332075402,0.0181499619471423,0.36,0.023581972048274457
nivel_edu_padre,-0.0014164653247986615,0.039675556626372226,0.64,0.04075755894236274
tipo_plantel,-0.0019491369741369796,0.006159143167493083,0.28,0.00806370827677517
icfes_lec,-0.004105655763989109,0.029932008183885053,0.36,0.05515968823194676
nivel_edu_madre,-0.006941654333321009,0.042877655913053085,0.48,0.03587539768918024
icfes_nat,-0.01245190581023915,0.06192749708932845,0.32,0.05035673092933485
