y,sin calibrar,Platt (sigmoide),isotónica
0,0.019403816394164212,0.11206447852646109,0.012876152355244867
0,0.022210419328277848,0.10740033260609316,0.033991744652768274
0,0.16260221030779323,0.18330178046431722,0.13212012753725358
0,0.02768343965786008,0.12568814786440652,0.018184632952176732
0,0.044873312890420944,0.1269138854682608,0.07162132226424474
0,0.13246454981321032,0.16740878561837616,0.15473169589310237
0,0.053744416819565065,0.1289248057999835,0.06152952480721602
0,0.01773980768296037,0.11237225449445791,0.013022533022533023
0,0.01892715589036788,0.11085391741580364,0.016465642030310156
0,0.06778459545512172,0.1468254732562557,0.09688793362284154
0,0.2453107175811369,0.24510408491777483,0.25894304539755786
0,0.19693375828128085,0.1825258129515563,0.14508839348316355
0,0.016543380447467344,0.11556208685320694,0.011566809416074133
0,0.11568657535163646,0.15830793153129458,0.10281527776887775
0,0.02317792309478553,0.11521286506696725,0.020158154149424762
0,0.04626790213045116,0.11854672221265478,0.048159526925450225
1,0.9624039445078535,0.6390053119558717,0.8825207027070902
0,0.10686700354844895,0.15453913951543422,0.12409199268464255
0,0.24119265745499846,0.21561098114999697,0.19621724790658876
0,0.23972016409294963,0.22229837085146825,0.23106335030046
0,0.4425824771093589,0.3272192683922817,0.35434344765559833
0,0.15802498695900039,0.20056281490532463,0.17561026755321488
1,0.9668056174957118,0.6885738692732641,0.9354168270063745
0,0.6340474545886469,0.5039555397213894,0.5757078600231781
0,0.032114898267838844,0.11865746412654786,0.023332422043724925
0,0.11838902210522244,0.16660613319678666,0.1208150318898504
0,0.10639882144508314,0.16007028345715182,0.09171377559556403
0,0.04336348640571505,0.12708511131252578,0.06494242595477641
0,0.2309384322960364,0.22625756265648933,0.20531046902506123
0,0.1926309746435678,0.20705639901042167,0.19324533683377798
0,0.04681632238420137,0.13289677618697984,0.04225738489656068
0,0.0921769586369838,0.15818087406675038,0.10801868270441511
0,0.1268452466380481,0.175351098715372,0.13092006375618728
0,0.07227718664885113,0.15361207754257042,0.11677134200801086
0,0.05088082323256789,0.12613248733237944,0.05364024892898227
0,0.033439569015082285,0.1262620355125697,0.048877796000104994
0,0.1081082084997677,0.17195699552172283,0.1095136631392588
0,0.2920567698039578,0.2712162287221345,0.31355914819780084
0,0.017499475393158163,0.1123263243886329,0.015439097916280946
0,0.0965023799349739,0.15499891420751355,0.10146629678335103
0,0.043009539998786914,0.12822866606142905,0.06659768908419757
1,0.9522893091313572,0.6897729570287336,0.9146374601781623
1,0.9723813050617356,0.7225859830306303,0.93986699710471
1,0.1301843280650706,0.16059374024813355,0.10866845580735905
1,0.9585404228774651,0.6505265617791575,0.8992986496763533
1,0.22021985424964655,0.21688062748111145,0.1798933337998961
0,0.5474591434339726,0.39614280226714527,0.44764886726378383
1,0.7039516462442318,0.5265941761366383,0.733425952472885
0,0.028377394814727314,0.11796291012897031,0.037649200836306684
1,0.9681732425420808,0.721248644142952,0.9673835502651051
0,0.14805860185939612,0.16767158561320392,0.12722456807739724
0,0.05074380408257141,0.12985448644970105,0.06580348093727768
0,0.03421743617046857,0.1289377971554651,0.04905210115485889
0,0.2711880536689657,0.2606309880973246,0.23292019828098448
0,0.6281418300672277,0.5221517689504928,0.6085409864595458
0,0.017924401926045344,0.11173821185216173,0.019303509023530296
1,0.7890422247477444,0.5594928393790639,0.7442013780831888
0,0.020309289873111997,0.11012722066434107,0.030457465859863118
0,0.1733966777129471,0.1738464600300211,0.14494193458819615
1,0.06540880987470296,0.13709712874855912,0.052212343793685105
0,0.10708666250625452,0.1677051151085546,0.10392642745904958
1,0.6951539834198597,0.5027403928796234,0.6271279246018794
1,0.02429714488271159,0.11435656078856002,0.03786658508425775
0,0.023647105509926415,0.13047443633813996,0.030593410334411958
0,0.27640094110852265,0.250501212522365,0.26043075946478295
1,0.055670551767993626,0.13255931212399472,0.0714899101190209
0,0.1692057278464927,0.1742077278536762,0.15494916182282426
0,0.17154763642097332,0.1773072449270907,0.1728520206584742
0,0.06435061022248466,0.1425065373757816,0.09665201509457569
0,0.15177899489445473,0.1946392191544537,0.1707091375695601
1,0.9545659472832044,0.6971545818148257,0.9200636867209229
1,0.04790552283485286,0.11104480317079868,0.03803118450403947
1,0.8956024946603656,0.6478831090824066,0.8308049467477839
0,0.024794326607476,0.1171589281928921,0.012208624708624709
0,0.22215916457710108,0.207132087014008,0.17523840288960654
0,0.6107572870027219,0.46384532858771266,0.5281413615437491
0,0.22328169747109392,0.22159972811668388,0.19556059221341607
1,0.6414976184299117,0.4881341522775452,0.6707482441810253
1,0.2933754036733003,0.26102029049227476,0.220490211422723
0,0.018854760309921625,0.12080862584605771,0.008253417564208781
