y,Regresión logística,Árbol de decisión,SVM,Random Forest,XGBoost
0,0.3511241338983551,0.0,0.052417985398027576,0.02029617748331495,0.05832662433385849
0,0.1516381242455714,0.02702702702702703,0.08426814963962453,0.0966958734022403,0.07755568623542786
0,0.23226247652285512,1.0,0.1295792863906257,0.2608984827207977,0.4173855483531952
0,0.12345297813767132,0.02702702702702703,0.04624758679900841,0.05601700988559148,0.06974481046199799
0,0.24472837335114048,0.0,0.23080426597823264,0.06125002471292326,0.045512787997722626
0,0.48034813484913214,0.0,0.22118542703845934,0.05264545822679551,0.07782983779907227
0,0.11495959365550949,0.0,0.060986331763918496,0.03733492124604577,0.06029222533106804
0,0.3553511478641744,0.0,0.08311371688099833,0.03143813999007087,0.05639825761318207
0,0.23142006846675056,0.0,0.05892918512706827,0.027449638157649676,0.07374752312898636
0,0.7242504913242712,0.0,0.09863827606552751,0.050012489540052545,0.06029222533106804
0,0.2062995167845534,1.0,0.16709550990287086,0.2552967675552876,0.31965377926826477
0,0.6765085584639898,0.0,0.2775656230074565,0.14452106760669686,0.11582726240158081
0,0.3402797213686517,0.0,0.1410184436019883,0.07980602817398419,0.06586869806051254
0,0.52158620969854,0.23809523809523808,0.17732842351929123,0.2432300670555819,0.20746919512748718
0,0.23155647701532686,0.0,0.0693431588392385,0.025334343447684555,0.11857212334871292
0,0.0503880846310077,0.0,0.05981259787191493,0.04717901189622234,0.05639825761318207
1,0.7727684013500391,1.0,0.7928844623190455,0.94,0.7869983315467834
0,0.03839295229094644,0.17647058823529413,0.10007430038921779,0.12634254915550608,0.14303036034107208
0,0.06978916348780968,0.23809523809523808,0.24492838171941167,0.16225423604603167,0.19856496155261993
0,0.08719548667989266,0.23809523809523808,0.2089840377563823,0.2558118125229052,0.22404733300209045
0,0.15105411472484187,0.0,0.19720121098604002,0.4495278766284832,0.3480086624622345
0,0.7424782523099028,0.2,0.195146968909719,0.29219512783092727,0.15934455394744873
1,0.8780820322928449,1.0,0.6688877532728135,0.9141142557651991,0.8056602478027344
0,0.08294473152126493,1.0,0.47235948672925426,0.5351308840703568,0.24915887415409088
0,0.07496919867913962,0.02702702702702703,0.07067308978910034,0.08657421366059546,0.07402081042528152
0,0.23186985419076758,1.0,0.08970005788272507,0.14688806315445563,0.14095190167427063
0,0.4630312716541579,0.0,0.17270221176430048,0.09819292197353813,0.07545764744281769
0,0.08094745801235906,0.0,0.13402489584781663,0.013940430713754347,0.04062417522072792
0,0.09056403452148214,0.6666666666666666,0.17762153384956203,0.1756679581675674,0.29455116391181946
0,0.013397959610793835,0.02702702702702703,0.21910010709587815,0.1251830114458633,0.13233450055122375
0,0.226143267369767,0.0,0.10508296864316209,0.07030956266917378,0.0939277708530426
0,0.24930451697642642,0.02702702702702703,0.1961658926165274,0.12134424993797441,0.17928679287433624
0,0.03742450909719001,0.02702702702702703,0.24013696825713168,0.11837056989029941,0.13515053689479828
0,0.48293919881686054,0.02702702702702703,0.138291592728324,0.11709985855513909,0.18146736919879913
0,0.22121022253952935,0.0,0.14803678418929325,0.1179732219772049,0.07130268216133118
0,0.06344288192374269,0.0,0.13344613903251898,0.13086111888754962,0.07130268216133118
0,0.34280871823744247,0.0,0.20096449480436587,0.1476669545288471,0.050921469926834106
0,0.3928331469560852,0.0,0.26404074453913384,0.3794088003564044,0.2432868331670761
0,0.17395764471244476,0.02702702702702703,0.06699020571800357,0.04463585944253739,0.06974481046199799
0,0.2241406196649369,1.0,0.10614469159133276,0.13959115754841428,0.3253377079963684
0,0.051726442925362846,0.0,0.04793533306804794,0.0422388390151934,0.05832662433385849
1,0.5674116658593797,1.0,0.6837041436839644,0.9607809224318657,0.754396915435791
1,0.7186746215796322,1.0,0.8804450719341799,0.7793679323078175,0.8386034965515137
1,0.07410685345613711,0.17647058823529413,0.06725227270879389,0.108325764432649,0.11664621531963348
1,0.27277092952635407,1.0,0.9218815709326861,0.9804761904761904,0.7369457483291626
1,0.023862129716068572,0.17647058823529413,0.0930653043375274,0.10205774862028323,0.11081795394420624
0,0.22048585440413285,0.5,0.22487270287001213,0.40779099040847083,0.09013459086418152
1,0.2568769121697755,0.5,0.4701799292759246,0.7278543558574123,0.6158427000045776
0,0.12469410451155408,0.0,0.12228578538623858,0.009940430713754346,0.04860376566648483
1,0.9045433653623249,1.0,0.9825470994816529,0.9607809224318657,0.754396915435791
0,0.18380312847151428,0.17647058823529413,0.04991786657944622,0.08722962174764463,0.11664621531963348
0,0.042134340086039876,0.0,0.12182412321606328,0.015593176660617943,0.04874080419540405
0,0.22854527321744614,0.0,0.10750719179870137,0.027887548128766475,0.07991351187229156
0,0.5100420912673863,0.6666666666666666,0.16310000778141592,0.4351917667989452,0.4839327335357666
0,0.2694775315434088,0.0,0.41741620317438183,0.408546142314907,0.6158427000045776
0,0.17808968373021705,0.0,0.0872840319992465,0.05577275061052809,0.05773868039250374
1,0.01649652023830588,0.5,0.3657065983370718,0.603030096834287,0.48570770025253296
0,0.25843908496288187,0.0,0.27692334963828286,0.0215827906526535,0.035014279186725616
0,0.09241244181791554,0.17647058823529413,0.08028052135368047,0.09579766635619937,0.12435995042324066
1,0.0015336866253772168,0.02702702702702703,0.17070999766987704,0.1247823735442937,0.05548599362373352
0,0.28900076945881964,0.2,0.12216867677406866,0.14320542464588154,0.15433667600154877
1,0.2051672903580496,1.0,0.42905623769302437,0.6956049542776713,0.6618205308914185
1,0.09797838413228283,0.0,0.07855740215937716,0.07176871097098678,0.05464087426662445
0,0.12075476003761414,0.0,0.10117619495186184,0.01327376404708768,0.060795530676841736
0,0.009294868288496553,0.26666666666666666,0.14146328180978265,0.24731564979009954,0.3351929783821106
1,0.05604377609881654,0.0,0.1273390563921619,0.028615665609577477,0.04874080419540405
0,0.24891178847279466,0.26666666666666666,0.19032750946358046,0.1728552250997825,0.14751899242401123
0,0.08632809562990902,0.23809523809523808,0.2511733978012083,0.26797560726740294,0.27477213740348816
0,0.11839984988619061,0.0,0.48720056419332347,0.17937791349713814,0.07130268216133118
0,0.13299544978525696,0.0,0.2055925568283884,0.1206854073420174,0.0554194338619709
1,0.7105729672284947,1.0,0.659215252012299,0.9538562091503269,0.734288215637207
1,0.0649771321958856,0.0,0.10229412983666289,0.04347879156012885,0.06182241812348366
1,0.251040140918428,1.0,0.6397258720770422,0.7825946458716592,0.7016631960868835
0,0.1728809434787475,0.0,0.13040890793026358,0.007129973197414477,0.04825475066900253
0,0.045057988870817606,0.17647058823529413,0.14341203787551454,0.17582962784255007,0.14611093699932098
0,0.4781001463954377,1.0,0.21522890789496668,0.7271910556763498,0.8553940057754517
0,0.2666994347175369,0.26666666666666666,0.2210469340481252,0.20696337561034242,0.14941376447677612
1,0.25751605364352687,1.0,0.7356379370403221,0.7703317453564906,0.4198400676250458
1,0.34281791246397103,0.02702702702702703,0.2755323208771236,0.21984491033044046,0.3798893392086029
0,0.5602243816147594,0.02702702702702703,0.17309397239737798,0.04470646373219232,0.07145099341869354
