y,p
1,0.6044187666809047
0,0.36736638423914514
1,0.4586770890039785
1,0.6674233573258553
1,0.20469092972399638
1,0.1987943338510743
0,0.11116872365533212
1,0.7413857817121559
0,0.2275897295775722
0,0.20740285472408834
0,0.09868807442454781
0,0.06013032707951924
0,0.1962969971116758
1,0.6717772417010922
0,0.7377094249359188
1,0.5994609003838233
0,0.18217980865038005
0,0.6540675862925374
0,0.16095055181445772
1,0.5872884461817601
1,0.2547528159554918
1,0.11451951349725141
0,0.2522300116084393
0,0.10991179587111764
0,0.37083852479658735
0,0.661896575926042
0,0.23075394223269702
0,0.37291071983522206
0,0.463118677700405
1,0.7286805890505521
1,0.8367784887329786
0,0.29022513953061907
1,0.6542199622570971
0,0.2162433390228129
1,0.4609797273496049
1,0.7077030089307776
1,0.49092355080217925
0,0.20338983014965284
0,0.1775632933683999
0,0.7051825138031977
1,0.7202507788024021
1,0.5349759301582114
0,0.45835226325696354
0,0.18686287882068228
1,0.5013839393852948
0,0.13096598045315425
0,0.411266773709417
1,0.8011107304201952
0,0.2749880816319983
1,0.567966827155012
0,0.4659540981603317
0,0.13881374214747702
0,0.26319512851037263
0,0.263908515011027
0,0.2123671835476631
0,0.09192116005028424
0,0.16487530876996281
1,0.8321219486498578
0,0.7221092920396436
0,0.18353192771797858
1,0.35767660298206644
1,0.6904401251000418
0,0.11446994403369255
0,0.15078571332158375
1,0.7397224970042378
0,0.03210788776398321
0,0.13005410049405955
0,0.5594595352829278
0,0.10170905855073434
0,0.2543021295819978
0,0.1903744419762206
1,0.7999707143912884
0,0.21448574945558127
0,0.6088602401526177
0,0.27717188543755406
1,0.30692161979085464
1,0.8112872582290079
0,0.1370536796337402
1,0.4152739848558114
0,0.11754965071122245
0,0.7170727117948897
0,0.8243563329940923
1,0.4858797178581136
0,0.3416951188622653
1,0.4507491727542368
1,0.7818409594965163
0,0.22800933017462569
0,0.06640507543648437
1,0.6190305063003954
1,0.5702411139312993
