modelo,repeticion,pliegue,params,score_interno,n_train,n_test,positivos_train,positivos_test
SVM (RBF),0,0,"{""clf__C"": 10.0, ""clf__gamma"": 0.1}",0.8393939393939395,64,16,15,4
SVM (RBF),0,1,"{""clf__C"": 0.1, ""clf__gamma"": ""scale""}",0.8199404761904763,64,16,15,4
SVM (RBF),0,2,"{""clf__C"": 10.0, ""clf__gamma"": 0.1}",0.6962301587301587,64,16,15,4
SVM (RBF),0,3,"{""clf__C"": 0.1, ""clf__gamma"": ""scale""}",0.639047989047989,64,16,15,4
SVM (RBF),0,4,"{""clf__C"": 5.0, ""clf__gamma"": 0.1}",0.8081439393939394,64,16,16,3
SVM (RBF),1,0,"{""clf__C"": 10.0, ""clf__gamma"": ""scale""}",0.6612288752913753,64,16,15,4
SVM (RBF),1,1,"{""clf__C"": 1.0, ""clf__gamma"": ""scale""}",0.8504464285714286,64,16,15,4
SVM (RBF),1,2,"{""clf__C"": 5.0, ""clf__gamma"": ""scale""}",0.7912946428571428,64,16,15,4
SVM (RBF),1,3,"{""clf__C"": 5.0, ""clf__gamma"": ""scale""}",0.8176682692307692,64,16,15,4
SVM (RBF),1,4,"{""clf__C"": 5.0, ""clf__gamma"": 0.1}",0.7151052072927072,64,16,16,3
SVM (RBF),2,0,"{""clf__C"": 0.1, ""clf__gamma"": ""scale""}",0.6725045787545787,64,16,15,4
SVM (RBF),2,1,"{""clf__C"": 0.1, ""clf__gamma"": ""scale""}",0.7973873348873348,64,16,15,4
SVM (RBF),2,2,"{""clf__C"": 0.1, ""clf__gamma"": ""scale""}",0.7526137057387058,64,16,15,4
SVM (RBF),2,3,"{""clf__C"": 5.0, ""clf__gamma"": 0.1}",0.8482638888888889,64,16,15,4
SVM (RBF),2,4,"{""clf__C"": 5.0, ""clf__gamma"": 0.1}",0.7669642857142855,64,16,16,3
SVM (RBF),3,0,"{""clf__C"": 1.0, ""clf__gamma"": ""scale""}",0.7032332251082251,64,16,15,4
SVM (RBF),3,1,"{""clf__C"": 5.0, ""clf__gamma"": 0.1}",0.7220982142857143,64,16,15,4
SVM (RBF),3,2,"{""clf__C"": 1.0, ""clf__gamma"": ""scale""}",0.7699494949494949,64,16,15,4
SVM (RBF),3,3,"{""clf__C"": 1.0, ""clf__gamma"": ""scale""}",0.8138392857142857,64,16,15,4
SVM (RBF),3,4,"{""clf__C"": 1.0, ""clf__gamma"": ""scale""}",0.8074347527472527,64,16,16,3
SVM (RBF),4,0,"{""clf__C"": 10.0, ""clf__gamma"": ""scale""}",0.7676750333000333,64,16,15,4
SVM (RBF),4,1,"{""clf__C"": 1.0, ""clf__gamma"": ""scale""}",0.7619791666666667,64,16,15,4
SVM (RBF),4,2,"{""clf__C"": 10.0, ""clf__gamma"": ""scale""}",0.7317640692640692,64,16,15,4
SVM (RBF),4,3,"{""clf__C"": 5.0, ""clf__gamma"": 0.1}",0.6534582315832316,64,16,15,4
SVM (RBF),4,4,"{""clf__C"": 10.0, ""clf__gamma"": 0.1}",0.7438988095238095,64,16,16,3
SVM (RBF),5,0,"{""clf__C"": 1.0, ""clf__gamma"": ""scale""}",0.7228760822510822,64,16,15,4
SVM (RBF),5,1,"{""clf__C"": 0.1, ""clf__gamma"": ""scale""}",0.7039930555555556,64,16,15,4
SVM (RBF),5,2,"{""clf__C"": 0.5, ""clf__gamma"": 0.1}",0.7989583333333333,64,16,15,4
SVM (RBF),5,3,"{""clf__C"": 10.0, ""clf__gamma"": ""scale""}",0.8003472222222222,64,16,15,4
SVM (RBF),5,4,"{""clf__C"": 5.0, ""clf__gamma"": ""scale""}",0.6256696428571429,64,16,16,3
SVM (RBF),6,0,"{""clf__C"": 1.0, ""clf__gamma"": 0.1}",0.7312748015873016,64,16,15,4
SVM (RBF),6,1,"{""clf__C"": 5.0, ""clf__gamma"": ""scale""}",0.7665612165612166,64,16,15,4
SVM (RBF),6,2,"{""clf__C"": 1.0, ""clf__gamma"": ""scale""}",0.6341856060606061,64,16,15,4
SVM (RBF),6,3,"{""clf__C"": 0.1, ""clf__gamma"": 0.1}",0.7323051948051948,64,16,15,4
SVM (RBF),6,4,"{""clf__C"": 5.0, ""clf__gamma"": 0.1}",0.7143516206016205,64,16,16,3
SVM (RBF),7,0,"{""clf__C"": 5.0, ""clf__gamma"": 0.1}",0.846875,64,16,15,4
SVM (RBF),7,1,"{""clf__C"": 5.0, ""clf__gamma"": ""scale""}",0.7359290015540015,64,16,15,4
SVM (RBF),7,2,"{""clf__C"": 5.0, ""clf__gamma"": 0.1}",0.6717688561438562,64,16,15,4
SVM (RBF),7,3,"{""clf__C"": 10.0, ""clf__gamma"": 0.1}",0.6900235181485181,64,16,15,4
SVM (RBF),7,4,"{""clf__C"": 5.0, ""clf__gamma"": ""scale""}",0.7983134920634921,64,16,16,3
SVM (RBF),8,0,"{""clf__C"": 5.0, ""clf__gamma"": 0.1}",0.7350045787545787,64,16,15,4
SVM (RBF),8,1,"{""clf__C"": 0.1, ""clf__gamma"": ""scale""}",0.6531836219336219,64,16,15,4
SVM (RBF),8,2,"{""clf__C"": 1.0, ""clf__gamma"": ""scale""}",0.7848557692307693,64,16,15,4
SVM (RBF),8,3,"{""clf__C"": 0.1, ""clf__gamma"": ""scale""}",0.6533081501831501,64,16,15,4
SVM (RBF),8,4,"{""clf__C"": 0.1, ""clf__gamma"": ""scale""}",0.7232028388278389,64,16,16,3
SVM (RBF),9,0,"{""clf__C"": 1.0, ""clf__gamma"": 0.1}",0.7347718253968254,64,16,15,4
SVM (RBF),9,1,"{""clf__C"": 1.0, ""clf__gamma"": ""scale""}",0.7472537878787878,64,16,15,4
SVM (RBF),9,2,"{""clf__C"": 0.5, ""clf__gamma"": ""scale""}",0.7869706682206682,64,16,15,4
SVM (RBF),9,3,"{""clf__C"": 0.1, ""clf__gamma"": 0.1}",0.6383116883116884,64,16,15,4
SVM (RBF),9,4,"{""clf__C"": 5.0, ""clf__gamma"": 0.1}",0.7417748917748918,64,16,16,3
